Token,Item Name,Variation Name,SKU,Description,Categories,Reporting Category,SEO Title,SEO Description,Permalink,GTIN,Square Online Item Visibility,Item Type,Weight (lb),Social Media Link Title,Social Media Link Description,Shipping Enabled,Self-serve Ordering Enabled,Delivery Enabled,Pickup Enabled,Price,Online Sale Price,Archived,Sellable,Contains Alcohol,Stockable,Skip Detail Screen in POS,Option Name 1,Option Value 1,Current Quantity Bashful Beauty,New Quantity Bashful Beauty,Stock Alert Enabled Bashful Beauty,Stock Alert Count Bashful Beauty,Tax - Sales Tax (8.25%)
ZGPODLIUGE5EOBOKLACOYMHO,$100 Gift Card,Regular,,,Gift Card,Gift Card,,,,,visible,Physical good,,,,Y,,,Y,100.00,,N,,,,N,,,,,,,N
U2NCVZV6KAXXTQZVLO7466W5,$125 Gift Card,Regular,,,Gift Card,Gift Card,,,,,visible,Physical good,,,,Y,,,Y,125.00,,N,,,,N,,,,,,,N
G5K5RQWLFTLS57BT2BRWSG7N,$150 Gift Card,Regular,,,Gift Card,Gift Card,,,,,visible,Physical good,,,,Y,,,Y,150.00,,N,,,,N,,,,,,,N
FOLPZKBDM3IF44G5XGGI3J7G,$25 Gift Card,Regular,,,Gift Card,Gift Card,,,,,visible,Physical good,,,,Y,,,Y,25.00,,N,,,,N,,,,,,,N
QDNVIE2P4MRYTYQ52IIBJOLU,$50 Gift Card,Regular,,,Gift Card,Gift Card,,,,,visible,Physical good,,,,Y,,,Y,50.00,,N,,,,N,,,,,,,N
DMWMA3HPSXBZTE5WTHY6ZRK6,$75 Gift Card,Regular,,,Gift Card,Gift Card,,,,,visible,Physical good,,,,Y,,,Y,75.00,,N,,,,N,,,,,,,N
XVKKZIGB5KKFHGQYEMF3UUHL,A la mode balm,Regular,,,Farm House Fresh,Farm House Fresh,,,,,,Physical good,,,,Y,,,,14.50,,N,,,,N,,,1,,Y,2,Y
EZFPLW247KNVZFLJLUC5PZEJ,Agave Nectar Body Oil,Regular,,,Farm House Fresh,Farm House Fresh,,,,,visible,Physical good,,,,Y,N,N,Y,31.00,,N,,N,,N,,,5,,,,Y
BLZCKH5A7VSYSYPUKYSAK24D,Ahhsome Relief Mousse,Regular,,,Farm House Fresh,Farm House Fresh,,,,,,Physical good,,,,Y,,,,32.00,,N,,,,N,,,0,,Y,3,Y
A2SLL7SYXBNECMW6UBJ25UZI,All-in-one razor,Regular,,,Alleyoop,Alleyoop,,,,,,Physical good,,,,Y,,,,18.00,,N,,,,N,,,0,,Y,3,Y
F5ANNEXSYDJEMWB6NMRZLRSA,Almond Amandola Milk Cleanser,Regular,,,Circadia,Circadia,,,,,visible,Physical good,,,,Y,N,N,Y,41.00,,N,,N,,N,,,9,,Y,4,Y
VCVS2OFZ3DZMX737PW4VCGFJ,Aloe & Calendula Calming Mist,Regular,,,Circadia,Circadia,,,,,visible,Physical good,,,,Y,N,N,Y,30.00,,N,,N,,N,,,14,,Y,4,Y
YBMKZSZS4TIFPCWSVU7UEYXP,Amandola Mini 2oz,Regular,,,Circadia,Circadia,,,,,unavailable,Physical good,,,,Y,,N,N,16.00,,N,,,,N,,,0,,Y,3,Y
LS74IADZT3DGN2IHHYWYKME2,AnteAge Accelerator,Regular,,,AnteAge,AnteAge,,,,,,Physical good,,,,Y,N,N,N,100.00,,N,,N,,N,,,0,,,,Y
NUNGEFJGJMZ473UC2QGPL6OE,AnteAge Serum,Regular,,"Restore your skin’s ability to heal itself with AnteAGE® regenerating serum. This elegant formula quickly absorbs into your skin, and contains physiologically balanced Stem Cytokines™, potent peptides and protective Antioxidants. Utilizing nanotechnology, this symphony of ingredients act in concert to deliver powerful results at the cellular level.

Initiates a pro-healing and anti-inflammatory response
Reduces the appearance of fine lines and wrinkles
Reduction in skin redness and sensitivity
Protects from environmental assault
pH: 6.0",AnteAge,AnteAge,,,,,,Physical good,,,,Y,N,N,N,150.00,,N,,N,,N,,,0,,Y,0,Y
VKQ6SEXNQ5QKFDJDB6ZAYLDU,AnteAge Travel Size Kit,Regular,,,AnteAge,AnteAge,,,,,,Physical good,,,,Y,N,N,N,40.00,,N,,N,,N,,,3,,Y,2,Y
ELT46O3JXYS5MEQWJYJTPD5S,Anti-Aging Pads,Regular,,,Lira Clinical,Lira Clinical,,,,,visible,Physical good,,,,Y,,,Y,80.00,,N,,,,N,,,0,,Y,2,Y
WXOM3GB5Q6KGFV4GJWTQT2SO,AquaPorin Hydrating Cream,Regular,,,Circadia,Circadia,,,,,visible,Physical good,,,,Y,N,N,Y,61.00,,N,,N,,N,,,13,,Y,4,Y
FZUY74XZISS5UEC5D2FZRUOT,At home facial kit,Regular,,,Circadia,Circadia,,,,,,Physical good,,,,Y,,,,50.00,,N,,,,N,,,0,,,,Y
I7WNVKOJ3LKYNFLLVH2RDYNQ,BB Concealer,Regular,,,Lira Clinical,Lira Clinical,,,,,visible,Physical good,,,,Y,,,Y,38.00,,N,,,,N,,,,,,,Y
HACXIKJFVONLTNE7XIUDHE66,BB Cream Foundation,Regular,,,Lira Clinical,Lira Clinical,,,,,visible,Physical good,,,,Y,,,Y,66.50,,N,,,,N,,,,,,,Y
KKC727K4BLM73RPJLLLQCLSL,BDB  on Point Pencil TAUPE,Regular,,,Billion Dollar Brows,Billion Dollar Brows,,,,,visible,Physical good,,,,Y,N,N,Y,16.50,,N,,,,N,,,0,,Y,4,Y
N6BOE3SENFDWVQY7SBIPAHA6,BDB Beauty Blender Sponge,Regular,,,Billion Dollar Brows,Billion Dollar Brows,,,,,,Physical good,,,,Y,N,N,N,9.00,,N,,,,N,,,7,,Y,2,Y
G6QGNESZCKALXNY6NWWFXFUL,BDB Brow Butter Pomade kit BLONDE,Regular,,,Billion Dollar Brows,Billion Dollar Brows,,,,,visible,Physical good,,,,Y,N,N,Y,20.00,,N,,N,,N,,,6,,Y,1,Y
6C3NXL4CZW2AWYYRQBXMPWHC,BDB Brow Butter Pomade kit TAUPE,Regular,,,Billion Dollar Brows,Billion Dollar Brows,,,,,visible,Physical good,,,,Y,N,N,Y,20.00,,N,,N,,N,,,1,,Y,1,Y
HQC3WPAYRDKCFFAE5DWBSD2N,BDB Brow Duo Highlighter Pencil,Regular,,,Billion Dollar Brows,Billion Dollar Brows,,,,,visible,Physical good,,,,Y,N,N,Y,18.00,,N,,N,,N,,,6,,Y,4,Y
E7C527GJDBZ6FK3TZ5RJP7RW,BDB Brow Powder BLONDE,Regular,,,Billion Dollar Brows,Billion Dollar Brows,,,,,visible,Physical good,,,,Y,,,Y,18.00,,N,,,,N,,,1,,Y,2,Y
54NX6EWXECUL7J2FX6GTGMGL,BDB Brow Powder LIGHT BROWN,Regular,,,Billion Dollar Brows,Billion Dollar Brows,,,,,visible,Physical good,,,,Y,,,Y,18.00,,N,,,,N,,,3,,Y,2,Y
US2EJFUIPXSXHPIZTFJV4R4W,BDB Brow Powder RAVEN,Regular,,,Billion Dollar Brows,Billion Dollar Brows,,,,,visible,Physical good,,,,Y,,,Y,18.00,,N,,,,N,,,4,,Y,2,Y
K33YW4XKM562QDEJ7GGCXAPS,BDB Brow Powder TAUPE,Regular,,,Billion Dollar Brows,Billion Dollar Brows,,,,,visible,Physical good,,,,Y,N,N,Y,18.00,,N,,,,N,,,2,,Y,2,Y
K4NHLLASFZPHY5YF4JNIGTOS,BDB Concealer Brush,Regular,,,Billion Dollar Brows,Billion Dollar Brows,,,,,visible,Physical good,,,,Y,,,Y,14.00,,N,,,,N,,,,,,,Y
PUKX5UPSBWAX6BCKN5GIBY72,BDB Dual Pencil Sharpener,Regular,,,Billion Dollar Brows,Billion Dollar Brows,,,,,visible,Physical good,,,,Y,,,Y,8.00,,N,,,,N,,,8,,Y,2,Y
TBJ6HOKDLYABWVYGCJFFEG6F,BDB Foundation Brush,Regular,,,Billion Dollar Brows,Billion Dollar Brows,,,,,visible,Physical good,,,,Y,,,Y,18.00,,N,,,,N,,,,,,,Y
MG3F72VUNJ5EMUQPXVOHNMCT,BDB Infused Illuminator Gold,Regular,,,Billion Dollar Brows,Billion Dollar Brows,,,,,visible,Physical good,,,,Y,,,Y,18.00,,N,,,,N,,,3,,Y,2,Y
2ZH65JASG477GHKPMQIC375V,BDB Jetsetter Kit Brow Shaping,Regular,,,Billion Dollar Brows,Billion Dollar Brows,,,,,visible,Physical good,,,,Y,,,Y,15.00,,N,,,,N,,,,,,,Y
M5G6RULX2FMNHS65JYF45J36,BDB Microblade brow pen,Regular,,,Billion Dollar Brows,Billion Dollar Brows,,,,,visible,Physical good,,,,Y,,,Y,18.00,,N,,,,N,,,,,,,Y
2HQUESOGCHQ7EVJ33ROKNB4G,BDB Nordic Brow Pencil,Regular,,,Billion Dollar Brows,Billion Dollar Brows,,,,,visible,Physical good,,,,Y,,,Y,18.00,,N,,,,N,,,1,,Y,2,Y
OW4T2PHLOGSEKDYXJKUQIXYQ,BDB Powder Brush,Regular,,,Billion Dollar Brows,Billion Dollar Brows,,,,,visible,Physical good,,,,Y,,,Y,24.00,,N,,,,N,,,,,,,Y
3VG4JW2XSY74FEKHJTRSGA6P,BDB Universal Brow Pencil,Regular,,,Billion Dollar Brows,Billion Dollar Brows,,,,,visible,Physical good,,,,Y,N,N,Y,18.00,,N,,,,N,,,3,,Y,4,Y
KQAUH2VVJWXQNQ2GH5M45G4M,BDB on Point Pencil BLONDE,Regular,,,Billion Dollar Brows,Billion Dollar Brows,,,,,visible,Physical good,,,,Y,,N,Y,16.50,,N,,,,N,,,4,,Y,1,Y
NSDWLFPZBPMXHX35NRTMPOO5,BDB on Point pencil RAVEN,Regular,,,Billion Dollar Brows,Billion Dollar Brows,,,,,visible,Physical good,,,,Y,,N,Y,16.50,,N,,,,N,,,4,,Y,4,Y
PRM4CAUZWEY5ZVT46DKKLIME,Bath Bombs,Single Bomb,,,Farm House Fresh,Farm House Fresh,,,,,visible,Physical good,,,,Y,N,N,Y,3.50,,N,,,,N,,,,,,,Y
VE54OJIZQEAVIE6JLKGKASL7,Bath Bombs,3 for $10,,,Farm House Fresh,Farm House Fresh,,,,,visible,Physical good,,,,,,,,10.00,,N,,,,N,,,,,,,Y
H76K5ET7XDW6PEVEX7JRATET,Bath Bombs,Rosemary Mint CBD Bomb,,,Farm House Fresh,Farm House Fresh,,,,,visible,Physical good,,,,,,,,15.00,,N,,,,N,,,,,,,Y
NZK56LGOFVEEDKOFT2INA6OY,Beach Punch Lip Polish,Regular,,,Farm House Fresh,Farm House Fresh,,,,,visible,Physical good,,,,Y,,N,Y,15.50,,N,,,,N,,,0,,Y,3,Y
HK3D52KKG3VTZT24HRYQSMOS,Berry Blue Lip Therapy,Regular,,,Farm House Fresh,Farm House Fresh,,,,,unavailable,Physical good,,,,Y,N,N,N,23.50,,N,,,,N,,,1,,,,Y
BQARFLERBJI27VCVIMUBAUIB,Berry Supreme Gleam Radiance Mask FHF,Regular,,,Farm House Fresh,Farm House Fresh,,,,,,Physical good,,,,Y,N,N,N,37.00,,N,,,,N,,,-1,,,,Y
OEUCGTLTECMP4EGPJAO7U2K4,Big Bare Body Polish,Regular,,,Farm House Fresh,Farm House Fresh,,,,,visible,Physical good,,,,Y,,N,Y,49.00,,N,,,,N,,,,,,,Y
2VLTGUOITRIH4XDBW3DW4GGN,Blackberry Wine Lip Polish,Regular,,,Farm House Fresh,Farm House Fresh,,,,,visible,Physical good,,,,Y,,N,Y,15.50,,N,,,,N,,,0,,Y,3,Y
INWOUAPO4QRDHQ5B2QV4N25Y,Blissed Moon Dip,Regular,,,Farm House Fresh,Farm House Fresh,,,,,,Physical good,,,,Y,,,,37.00,,N,,,,N,,,-1,,Y,1,Y
NEWHDMXK25AAH5UF5UTGEVV4,Blue Bamboo Exfoliator for Body,Regular,,,Circadia,Circadia,,,,,visible,Physical good,,,,Y,,,Y,40.00,,N,,,,N,,,0,,,,Y
TPJOHGZ6REPCE6F2JCCL6E3R,Blueberry & White Tea Hydrating Mist,Regular,,,Circadia,Circadia,,,,,visible,Physical good,,,,Y,N,N,Y,30.00,,N,,,,N,,,7,,Y,4,Y
OVPI45R53TDYZS72IDI6QEKC,Blueberry Chai Bar Soap,Regular,,,Farm House Fresh,Farm House Fresh,,,,,,Physical good,,,,Y,,,,12.50,,N,,,,N,,,0,,Y,2,Y
YV3B4INGOPNGKBAP5SEN2TLO,Bluephoria,Regular,,"A silky, cooling leave-on face mask that absorbs deep into the skin to reveal a soft, supple, luminous complexion.",Farm House Fresh,Farm House Fresh,,,,,unavailable,Physical good,,,,Y,,,,59.50,,N,,,,N,,,0,,,,Y
CBP77GDXJDY5IJHQIDL3A5FX,Bluephoria Face Mask,Regular,,,Farm House Fresh,Farm House Fresh,,,,,unavailable,Physical good,,,,Y,N,N,N,58.00,,N,,N,,N,,,1,,,,Y
M7VDGVEUW2CKL46JALLVKZG7,Blushing Agave Body Oil,Regular,,,Farm House Fresh,Farm House Fresh,,,,,visible,Physical good,,,,Y,N,N,Y,36.00,,N,,N,,N,,,4,,Y,3,Y
DHGQAXD6Y7VHI25DDLVDCLZT,Body Brush,Regular,,,Bashful Beauty,Bashful Beauty,,,,,unavailable,Physical good,,,,Y,N,N,N,8.00,,N,,N,,N,,,-4,,Y,3,Y
V4EYRNV4FNERAG2TVB7RHBKW,Bourbon Bubbler Scrub,Regular,,,Farm House Fresh,Farm House Fresh,,,,,,Physical good,,,,Y,,N,Y,36.00,,N,,,,N,,,1,,Y,3,Y
34UXJ7REP3TNNLAMIJAC5KOX,Box Naturals CUCUMBER,Regular,,,Box Naturals,Box Naturals,,,,,visible,Physical good,,,,Y,N,N,Y,12.50,,N,,N,,N,,,9,,Y,5,Y
P3OK7DMC745FTEVC2RS7DIHO,Box Naturals LAVENDER,Regular,,,Box Naturals,Box Naturals,,,,,visible,Physical good,,,,Y,N,N,Y,12.50,,N,,,,N,,,5,,Y,5,Y
AIMUGZR5CTYVRWCAC3RVMSTF,Box Naturals ROSE,Regular,,,Box Naturals,Box Naturals,,,,,visible,Physical good,,,,Y,N,N,Y,12.50,,N,,N,,N,,,4,,Y,5,Y
TJJOYIQDGIR2SDYP7GPE6ER6,Brandy Pear Polish,Regular,,,Farm House Fresh,Farm House Fresh,,,,,visible,Physical good,,,,Y,,N,Y,36.00,,N,,,,N,,,1,,Y,3,Y
E45BT3H5JSJK4I7EERORNT6N,Bright White Serum,Regular,,,Circadia,Circadia,,,,,visible,Physical good,,,,Y,,N,Y,57.00,,N,,,,N,,,4,,Y,4,Y
4X6ZZLTDG4BUXK4JLGIBCCPH,Bronze Fox Tanning Drops,Regular,,,Farm House Fresh,Farm House Fresh,,,,,visible,Physical good,,,,Y,N,N,Y,39.00,,N,,,,N,,,3,,Y,1,Y
YNA2VE6MMD57HCU74UCXVVEC,Brow & Lash Cleanser,Regular,,,Beautiful Brows& Lashes,Beautiful Brows& Lashes,,,,,unavailable,Physical good,,,,Y,N,N,N,12.00,,N,,,,N,,,0,,Y,3,Y
FDJQ56R42AL4MV6GB3BAJG4I,Brow 2 in 1 Tinted Serum DARK BROWN,Regular,,,Grande,Grande,,,,,unavailable,Physical good,,,,Y,,,,38.00,,N,,,,N,,,10,,Y,3,Y
TOS3DPNUEXLGK3ALHZMGUOU7,Brow Brush,Regular,,,Bashful Beauty,Bashful Beauty,,,,,visible,Physical good,,,,Y,,,Y,8.00,,N,,,,N,,,,,,,Y
FH3GJKDFVUUNXIHC4VMPAH42,BryghtenUp Kit Duo,Regular,,"This targeted fast-acting duo is designed to work together to correct uneven skin tone, discoloration, and diminish the appearance of hyperpigmentation. Can be used anywhere externally on the body including intimate and delicate areas without disturbing the natural ph.
All-natural, cruelty-free vegan ingredients that contain no: silicones, parabens, hydroquinone, mercury, fragrance, or colorants.",Skin Lightening,Skin Lightening,,,,,,Physical good,,,,Y,,N,N,125.00,,N,,,,N,,,4,,Y,4,Y
C2WG2U23YSBOVTFSORQFPLQT,Bunny Kisses Shea Butter,Regular,,,Farm House Fresh,Farm House Fresh,,,,,,Physical good,,,,Y,,,,32.00,,N,,,,N,,,0,,Y,1,Y
JKAX7PQMO7DKQZJYLHVV5XYD,Butter Rum Body Scrub,Regular,,,Farm House Fresh,Farm House Fresh,,,,,visible,Physical good,,,,Y,,,Y,36.00,,N,,,,N,,,,,,,Y
5VPFDO6ERUQO7PPPXFEIAKVC,Buttermilk Lavender Body Lotion,Regular,,,Farm House Fresh,Farm House Fresh,,,,,visible,Physical good,,,,Y,,,Y,34.00,,N,,,,N,,,,,,,Y
QSF4DQ6RLEEK4ZX65E56XIGQ,C The Future Foaming Cleanser,Regular,,"This citrusy plant-based cleanser whips up with vitamin C and glycolic acid − exfoliating, smoothing and brightening the look of your skin. Gentle and nourishing enough for daily use.",Farm House Fresh,Farm House Fresh,,,,,unavailable,Physical good,,,,Y,N,N,N,36.00,,N,,N,,N,,,3,,,,Y
PZE5WHYGTAWQIQWVVPYLY63G,CBD Circadia Calm Soothing Facial Cream,Regular,,,Circadia,Circadia,,,,,visible,Physical good,,,,Y,,,Y,50.00,,N,,,,N,,,0,,Y,4,Y
3ADLM6A4UK67ECQC3X6WBK5L,CBD Massage Cream,Regular,,,Circadia,Circadia,,,,,visible,Physical good,,,,Y,,,Y,50.00,,N,,,,N,,,2,,Y,0,Y
Z65GZBTDHRZTM4JDLIBXC3XL,CBD Massage Cream travel size,Regular,,,Travel Sizes,Travel Sizes,,,,,visible,Physical good,,,,Y,,,Y,5.00,,N,,,,N,,,,,,,Y
P5V2EDNYOR5SPBDYQTVO6IC3,CBD Pretty Amped,Regular,,,Farm House Fresh,Farm House Fresh,,,,,visible,Physical good,,,,Y,,N,Y,58.00,,N,,N,,N,,,0,,Y,3,Y
4WJ37VZZS3LXPLECK7KBGCIU,CBD Purium,Regular,,,Purium,Purium,,,,,visible,Physical good,,,,Y,,,Y,120.00,,N,,,,N,,,,,,,Y
PYNSZ6NG74WMRV3Q6MQNREDB,CBD Supremely Lit,Regular,,,Farm House Fresh,Farm House Fresh,,,,,visible,Physical good,,,,Y,,,Y,59.00,,N,,,,N,,,,,,,Y
PMTQ5U2I6COX44HUNW3U4ZBI,CBD Swell Being Body Oil,Regular,,,Farm House Fresh,Farm House Fresh,,,,,visible,Physical good,,,,Y,N,N,Y,48.00,,N,,,,N,,,0,,Y,3,Y
BZ54C3EVJW7Y76H45MMYJYNQ,Chrono-Calm,Regular,,,Circadia,Circadia,,,,,visible,Physical good,,,,Y,N,N,Y,42.00,,N,,N,,N,,,4,,Y,4,Y
VULTYSKZIMCODC3QW5WQRTJZ,Circa-Shield - Mineral Sunscreen,Regular,,,Circadia,Circadia,,,,,unavailable,Physical good,,,,Y,N,N,N,55.50,,N,,,,N,,,5,,Y,4,Y
4XBNYQD7JKDM63PZBAVWB3YJ,Circadia Beard Brush/Comb,Regular,,,Circadia,Circadia,,,,,unavailable,Physical good,,,,Y,,N,N,22.00,,N,,,,N,,,13,,,,Y
5OFDRBJ4CXY236VXS2BWDU4I,Circadia Facial Kit SHIPPING,Regular,,,Shipping,Shipping,,,,,visible,Physical good,,,,Y,,,Y,8.00,,N,,,,N,,,,,,,N
66GXSHMUJ2IJOMRNZFOL2R4C,Circadia Gua Sha Stone,Regular,,"Blue Aventurine Gua Sha Stone w/Circadia Logo packaged in a white magnetic box helps to relieve tension, sculpt skin, and increase circulation.",Circadia,Circadia,,,,,unavailable,Physical good,,,,Y,,N,N,30.00,,N,,,,N,,,8,,Y,2,Y
JOYX7X6VI4I7EP37OQZQ6NSZ,Citrine Beach Soap,Regular,,,Farm House Fresh,Farm House Fresh,,,,,visible,Physical good,,,,Y,,N,Y,12.50,,N,,,,N,,,,,,,Y
67JMF3UKI4ARGOZCPVVEX4N4,Citrus Cilantro Oil,Regular,,,Farm House Fresh,Farm House Fresh,,,,,visible,Physical good,,,,Y,N,N,Y,31.00,,N,,N,,N,,,3,,N,3,Y
RIJWROA7AMHH3WASEOJD65RP,Cleansing Gel w/ Salicylic Acid,Regular,,,Circadia,Circadia,,,,,visible,Physical good,,,,Y,N,N,Y,41.00,,N,,N,,N,,,5,,Y,4,Y
MJ3ACRQXGXHMS6INXZ2OWHQK,Cleansing Gel with Mandelic Acid,Regular,,"An active foaming cleanser that brightens and exfoliates while targeting pigmentation, acne, and aging skin. Our powerful alpha-hydroxy-acid and antibacterial properties make the Cleansing Gel with Mandelic Acid the perfect solution for nearly all skin types.",Circadia,Circadia,,,,,unavailable,Physical good,,,,Y,N,N,N,41.00,,N,,N,,N,,,16,,,,Y
DGPJLE7HV4VOSEGWGBQM3QBJ,Clear Water Tanning Mousse Med-Dark,Regular,,,Nuda,Nuda,,,,,unavailable,Physical good,,,,Y,,,,45.00,,N,,,,N,,,3,,Y,1,Y
K6LXLOMY7CSNKGXZ3SCZDFRE,Clementine  Body Oil,Regular,,,Farm House Fresh,Farm House Fresh,,,,,visible,Physical good,,,,Y,N,N,Y,31.00,,N,,N,,N,,,5,,Y,3,Y
24YTJFFQ26LYFKXNMCOGBFJG,Cloud Cake Shea Butter Lotion,Regular,,,Farm House Fresh,Farm House Fresh,,,,,unavailable,Physical good,,,,Y,,N,N,32.00,,N,,,,N,,,5,,,,Y
GFJETKJWBYYY6YLXNFUBBMYS,Coconut Beach Lip Balm,Regular,,,Farm House Fresh,Farm House Fresh,,,,,visible,Physical good,,,,Y,,,Y,15.50,,N,,,,N,,,,,N,3,Y
HMLIJE6KO73A2AQQU2IGEDJL,Coconut Cream Bar Soap,Regular,,,Farm House Fresh,Farm House Fresh,,,,,visible,Physical good,,,,Y,,N,Y,12.50,,N,,,,N,,,,,,,Y
UBMM3LPXTZMD3JWWST7EWRGV,Coconut Cream Bath Soak,Regular,,,Farm House Fresh,Farm House Fresh,,,,,visible,Physical good,,,,Y,,N,Y,31.00,,N,,,,N,,,,,,,Y
IEBE7I7BEE7OPY73MBWQU3ZS,ConditionHer,Regular,,,ConditionHer,ConditionHer,,,,,unavailable,Physical good,,,,Y,,N,N,30.50,,N,,,,N,,,7,,Y,4,Y
24WNEVGFATXLIHN25QGDE3AA,Cool Revival Body Balm,Regular,,,Farm House Fresh,Farm House Fresh,,,,,visible,Physical good,,,,Y,,,Y,44.00,,N,,,,N,,,0,,Y,1,Y
GLZ7VSS7OTBUJ5CJ6KTZ3HNS,Counter A.G.E.,Regular,,,Circadia,Circadia,,,,,visible,Physical good,,,,Y,,,Y,50.00,,N,,,,N,,,3,,Y,1,Y
UYMOWOQRGR5TY7LRPGBTSLO2,Custom Gratuity,Regular,,A way for clients to leave gratuity on $0 amounts,custom tip,custom tip,,,,,unavailable,Physical good,,,,Y,,N,N,0.01,,N,,,,N,,,,,,,N
3OZLRS6BK3FG7JAPLPWHX2TJ,Cyto-Comm,Regular,,,Circadia,Circadia,,,,,visible,Physical good,,,,Y,N,N,Y,50.00,,N,,,,N,,,15,,Y,4,Y
E6KJUZBKVLF7LG2JUTW47YTB,Daytime Control,Regular,,,Circadia,Circadia,,,,,visible,Physical good,,,,Y,N,N,Y,46.00,,N,,,,N,,,7,,Y,4,Y
AXIBQKMFR7A6KLPGXQ6OL7X7,Dew Ritual Body Oil,Regular,,"Dew Ritual™ body oil unleashes an opulent cocktail of plant antioxidants to revitalize the body – infused with soft floral notes from pure blue tansy essential oil. Pure blue tansy blends with marula, borage, jojoba, and bakuchiol for a luxurious herbal body treatment that visibly quenches and transforms skin.",Farm House Fresh,Farm House Fresh,,,,,unavailable,Physical good,,,,Y,N,N,N,39.00,,N,,N,,N,,,2,,,,Y
WCGW5SIQVXNC5KS3QFTEY62C,Double Team Tinted Lip Lotion,Pink 182,,,Alleyoop,Alleyoop,,,,,unavailable,Physical good,,,,Y,,,,14.00,,N,,,,N,,,0,,Y,3,Y
C4NXTND4Z62IQL5DUNU7QSFJ,Double Team Tinted Lip Lotion,Fresh Squeeze,,,Alleyoop,Alleyoop,,,,,unavailable,Physical good,,,,,,,,14.00,,N,,,,N,,,3,,Y,3,Y
QCABRVQA2KRW4N3LJ54EQZSM,Double Team Tinted Lip Lotion,Hot Take,,,Alleyoop,Alleyoop,,,,,unavailable,Physical good,,,,,,,,14.00,,N,,,,N,,,3,,Y,3,Y
5CKVELOFDJ4OOH4DCPBOIIHI,Double Team Tinted Lip Lotion,Brick-me-up,,,Alleyoop,Alleyoop,,,,,unavailable,Physical good,,,,,,,,14.00,,N,,,,N,,,0,,Y,3,Y
OFCXMW2I7IDQEFU3LSQRUSBN,Duo Brow & Lash Conditioner,Regular,,,Beautiful Brows& Lashes,Beautiful Brows& Lashes,,,,,unavailable,Physical good,,,,Y,N,N,N,33.00,,N,,N,,N,,,4,,Y,6,Y
H4S7NLQJQKRVMMCBGIXGC3A2,Duo Castor Oil,Regular,,"<p><strong>to keep your brows and lashes nourished, conditioned and hydrated</strong></p><p><br></p>",Beautiful Brows& Lashes,Beautiful Brows& Lashes,,,,,unavailable,Physical good,,,,Y,N,N,N,18.00,,N,,,,N,,,0,,Y,2,Y
Q7AYBCTEUUWZQITONGDYN4OZ,Elevated Shade Sunscreen,Regular,,,Farm House Fresh,Farm House Fresh,,,,,,Physical good,,,,Y,,,,39.00,,N,,,,N,,,1,,Y,3,Y
RP5A64MRR6TS2LST6ZRG5RYQ,Emergency Eye Lift,Regular,,,Circadia,Circadia,,,,,visible,Physical good,,,,Y,N,N,Y,50.00,,N,,,,N,,,6,,Y,4,Y
TWW4FCFYJI66XLCUEOQZ3S54,Enrich Mint Foot Mask,Regular,,,Farm House Fresh,Farm House Fresh,,,,,unavailable,Physical good,,,,Y,N,N,N,34.00,,N,,N,,N,,,3,,,,Y
I4QFZRNJKX7ZNAE7KJS3JCS3,Evening Calm Tea,Regular,,,Bashful Beauty,Bashful Beauty,,,,,visible,Physical good,,,,Y,,,Y,8.25,,N,,,,N,,,,,,,Y
F4OOKXOBCVS3SRKBJVODXJGS,Exfoliating Gloves,Regular,,,Bashful Beauty,Bashful Beauty,,,,,visible,Physical good,,,,Y,,,Y,5.00,,N,,,,N,,,,,,,Y
TEVSEPBDDQ22OJ2DT62CEKLQ,Eyedeal Lid Lift,Regular,,,Dermastart Brands,Dermastart Brands,,,,,unavailable,Physical good,,,,Y,N,N,N,25.00,,N,,,,N,,,0,,Y,2,Y
WYWWOBVVTG4DC7QKEIEZMSUU,Facial Buffing Mask,Regular,,,Farm House Fresh,Farm House Fresh,,,,,visible,Physical good,,,,Y,,,Y,12.50,,N,,,,N,,,0,,Y,1,Y
DLIRDBGAXE4MRZNVPAOYZLF6,Fast Fix Face Mask Sampler,Regular,,,Farm House Fresh,Farm House Fresh,,,,,,Physical good,,,,Y,,,,28.00,,N,,,,N,,,0,,,,Y
5HK2GBAIBJXAP23OMQPQROGZ,Finely Awake PlantFoliant Face Cleansing Polish,Regular,,"Reveal your silky softness. This refreshing botanical daily exfoliating cleanser is made with 5 unique plantfoliants® that gently smooth and refine (bamboo silica, pumice, apricot powder, bentonite clay & polylactic acid from corn). The blend of medium-sized grains leaves silky smoothness behind with fresh all natural herbal mint-eucalyptus notes that wake you up each morning!",Farm House Fresh,Farm House Fresh,,,,,visible,Physical good,,,,Y,N,N,Y,38.50,,N,,N,,N,,,6,,Y,2,Y
D7X6U3YCULBIVPRXPIK5R7MO,Firming & Shaping Gel,Regular,,,Circadia,Circadia,,,,,visible,Physical good,,,,Y,N,N,Y,46.00,,N,,,,N,,,2,,,,Y
7WDYIN6BO2SFRRZC2X73U6BB,Fluffy Bunny Bar Soap,Regular,,,Farm House Fresh,Farm House Fresh,,,,,,Physical good,,,,Y,,,,12.50,,N,,,,N,,,5,,Y,2,Y
FFQOCL53PRSGYIP7R37S4GPI,Fluffy Bunny Body Wash,Regular,,,Farm House Fresh,Farm House Fresh,,,,,visible,Physical good,,,,Y,,N,Y,25.00,,N,,N,,N,,,1,,Y,1,Y
7NXFECZ6VMHOAMLL7WQKBVFK,Fluffy Bunny Spray Perfume,Regular,,,Farm House Fresh,Farm House Fresh,,,,,,Physical good,,,,Y,N,N,N,24.00,,N,,,,N,,,1,,Y,2,Y
HMNBMB24KO4IDTFZHSA6X3EI,Fresh Start Natural Mouth Freshening Spray,Regular,,,Alleyoop,Alleyoop,,,,,,Physical good,,,,Y,N,N,N,12.50,,N,,,,N,,,2,,Y,4,Y
HOSNV3P5SAIX2NTUW7A434MX,Front Porch Punch Bar Soap,Regular,,,Farm House Fresh,Farm House Fresh,,,,,visible,Physical good,,,,Y,,N,Y,12.50,,N,,,,N,,,4,,Y,1,Y
XHV2RGVGDCG42BQXS6BJLMZK,Fruit Illumination Peel Mask,Regular,,,Farm House Fresh,Farm House Fresh,,,,,visible,Physical good,,,,Y,,N,Y,41.00,,N,,N,,N,,,3,,Y,1,Y
CVVUDVEPFC6JOFW3R3IIXIYR,Full Circle Eye Repair,Regular,,,Circadia,Circadia,,,,,visible,Physical good,,,,Y,N,N,Y,112.00,,N,,,,N,,,1,,Y,4,Y
GS3BCKJSPDM634UIY6WRXJEV,Fur Aftercare Kit,Regular,,,Fur,Fur,,,,,unavailable,Physical good,,,,Y,N,N,N,41.50,,N,,N,,N,,,9,,Y,4,Y
HDNLGAUWANPOP7YRUHOKY542,Fur Butt Sheet Masks,Squeeze It,,,Fur,Fur,,,,,unavailable,Physical good,,,,Y,,N,N,10.00,,N,,,,N,,,5,,,,Y
A5G5BHOR4WFO6RYNZ6TICXCN,Fur Butt Sheet Masks,Slap It,,,Fur,Fur,,,,,unavailable,Physical good,,,,,,,,10.00,,N,,,,N,,,2,,,,Y
JUVROOEMUZ3UJZ5HZXVPSFID,Fur Butt Sheet Masks,Bite It,,,Fur,Fur,,,,,unavailable,Physical good,,,,,,,,10.00,,N,,,,N,,,2,,,,Y
IBSDZOR6UOMQEJ4DEVPU4MG6,Fur Deodorant,Regular,,,Fur,Fur,,,,,unavailable,Physical good,,,,Y,,,,18.00,,N,,,,N,,,7,,Y,3,Y
NZBP6FFMKONCV4TIYUWLJZJK,Fur Holiday Kit,Regular,,,Fur,Fur,,,,,unavailable,Physical good,,,,Y,,N,N,59.00,,N,,,,N,,,0,,Y,3,Y
ZNXSDN4JK7VGGSBUEQLDDK36,Fur Ingrown Eliminator Serum (1.1 oz 32 mL),Regular,,,Fur,Fur,,,,,unavailable,Physical good,,,,Y,N,N,N,37.00,,N,,N,,N,,,6,,Y,2,Y
Y6C5JQZLE2JN5MU5CWT4OTW4,Fur Ingrown Microdart Patch 6ct,Regular,,,Fur,Fur,,,,,unavailable,Physical good,,,,Y,N,N,N,16.00,,N,,N,,N,,,0,,Y,3,Y
2NSRMVBQLKWJR6VJMHXO5TBJ,Fur KP Body Scrub,Regular,,,Fur,Fur,,,,,unavailable,Physical good,,,,N,N,N,N,38.00,,N,,,,N,,,13,,,,Y
EGPNHZMSKUTBKOT5W7AJMGXD,Fur Oil LARGE Size 2.5fl oz,Regular,,,Fur,Fur,,,,,unavailable,Physical good,,,,Y,N,N,N,53.00,,N,,N,,N,,,9,,Y,4,Y
QFGCKTYT4LAUMNUMIKELM7QD,Fur Oil MEDIUM Size .05 fl oz,Regular,,,Fur,Fur,,,,,unavailable,Physical good,,,,Y,N,N,N,26.00,,N,,N,,N,,,4,,Y,4,Y
HAICEULTOAYJHV2FBD52NZM2,Fur Oil TRAVEL SIZE,Regular,,,Fur,Fur,,,,,unavailable,Physical good,,,,Y,N,N,N,6.80,,N,,N,,N,,,20,,Y,4,Y
ILNWFA3JM2VC2MITNNV5QRW4,Fur Silk Scrub,Regular,,,Fur,Fur,,,,,unavailable,Physical good,,,,Y,N,N,N,54.00,,N,,N,,N,,,5,,Y,4,Y
DKR5JPGBWHR6TR6OXN3LD76H,Get the bump outta here,Regular,,,Relax & Wax,Relax & Wax,,,,,visible,Physical good,,,,Y,,N,Y,20.00,,N,,,,N,,,0,,Y,5,Y
PPQKLLI4W7THO4NHTR2FOIBW,Glyco-Guard,Regular,,,Circadia,Circadia,,,,,visible,Physical good,,,,Y,N,N,Y,62.00,,N,,,,N,,,6,,Y,4,Y
IGOPBHGOQINNSB3YXXNXSP3J,Grande Brow Fill Gel,Clear,,,Grande,Grande,,,,,visible,Physical good,,,,Y,,N,Y,20.00,,N,,,,N,,,1,,Y,4,Y
W2JF5L3EPMVO42XP7OMAUQ7G,Grande Brow Fill Gel,Light,,,Grande,Grande,,,,,visible,Physical good,,,,,,,,20.00,,N,,,,N,,,4,,Y,4,Y
RQKLHTNESJBLN5F2WTAIZJLS,Grande Brow Fill Gel,Dark,,,Grande,Grande,,,,,visible,Physical good,,,,,,,,20.00,,N,,,,N,,,6,,Y,4,Y
KSWRMROAKFJOTGFTNS46HK6S,Grande Brow Serum,Regular,,,Grande,Grande,,,,,visible,Physical good,,,,Y,N,N,Y,75.00,,N,,,,N,,,-1,,Y,4,Y
XMZZNNARINYQSFHTZKTCN25G,Grande Brow-Laminate,Regular,,The latest breakthrough from Grande Cosmetics creates a pro-quality lamination look at home with 12-hour hold that won’t feel stiff or sticky.,Grande,Grande,,,,,unavailable,Physical good,,,,Y,N,N,N,25.00,,N,,N,,N,,,4,,Y,3,Y
22TOIE3JDVEME6M6KFGENDKK,Grande Conditioner,Regular,,"GrandeREPAIR is an invisible leave-in conditioner that helps to protect, strengthen, fortify, and soften lash and brow hairs. Infused with Widelash™, a biotin peptide proven to help protect against hair fallout, breakage, and environmental toxins. This conditioning lash and brow mask is a life saver!",Grande,Grande,,,,,visible,Physical good,,,,Y,N,N,Y,32.00,,N,,N,,N,,,30,,Y,12,Y
HBE6SVM7KMKMUJYWCZAINECW,Grande Drama Mascara,Regular,,,Grande,Grande,,,,,visible,Physical good,,,,Y,,,Y,25.00,,N,,,,N,,,4,,Y,4,Y
UROZY5DUMIPAHLK4XQGGUMIH,Grande Eye Liner w/ Lash Serum,Regular,,,Grande,Grande,,,,,,Physical good,,,,Y,,,,40.00,,N,,,,N,,,5,,Y,3,Y
O6DW4WH7SECTTKCF7BNH4YX4,Grande Fanning& Curling Mascara,Regular,,,Grande,Grande,,,,,,Physical good,,,,Y,,,,25.00,,N,,,,N,,,0,,Y,4,Y
QPTW4GA2I5D52UZ7ACEZ2ZVZ,Grande Glow Liquid Plumping Highlighter,Regular,,,Grande,Grande,,,,,unavailable,Physical good,,,,Y,,,,25.00,,N,,,,N,,,7,,Y,1,Y
M66CID6LYSIXMZ5XFW6AD5XG,Grande Hair 3 Piece Kit (Shampoo Serum & Brush),Regular,,,Grande,Grande,,,,,,Physical good,,,,Y,N,N,N,75.00,,N,,,,N,,,0,,,,Y
RWCRANKKFVKGRLTPYXK6XKVL,Grande Hair Enhancing Growth Serum,Regular,,,Grande,Grande,,,,,unavailable,Physical good,,,,Y,N,N,N,70.00,,N,,,,N,,,8,,,,Y
3CTSWM6JYFIQXYPYW45X3755,Grande Invisible Lip Liner,Regular,,,Grande,Grande,,,,,visible,Physical good,,,,Y,,,Y,15.00,,N,,,,N,,,0,,Y,1,Y
Y3QUS3EDLTEGDKIUAHSLEXJH,Grande Lash Curler,Regular,,,Grande,Grande,,,,,visible,Physical good,,,,Y,,,Y,35.00,,N,,,,N,,,1,,Y,2,Y
3ICTMANNCCS4HOYCDFBTLAVE,Grande Lash MD Serum,Regular,,,Grande,Grande,,,,,visible,Physical good,,,,Y,N,N,Y,75.00,,N,,,,N,,,1,,Y,4,Y
YOTGNCDXHY5B6QE4MI3ULSA2,Grande Lash and Brow Gift Set of 3,Regular,,,Grande,Grande,,,,,,Physical good,,,,Y,,N,N,120.00,,N,,,,N,,,0,,Y,4,Y
WQYMJ3FGBZ3ZENO4Y6ZYQWQH,Grande Lip Plumper Gloss,Barely There,,,Grande,Grande,,,,,unavailable,Physical good,,,,Y,,,,28.00,,N,,N,,N,,,1,,Y,1,Y
PVZ5K6VJ64C2UI4OLEEEGGK3,Grande Lip Plumper Gloss,Clear,,,Grande,Grande,,,,,unavailable,Physical good,,,,,,,,28.00,,N,,,,N,,,13,,Y,1,Y
JKVUUNL44VLSPBG7PJMDEED2,Grande Lip Plumper Gloss,Sunbaked Sedona,,,Grande,Grande,,,,,unavailable,Physical good,,,,,,,,28.00,,N,,,,N,,,1,,Y,1,Y
QYLVW7LMW4UI3WMR7WIPRLGR,Grande Lip Plumper Gloss,Toasted Apricot,,,Grande,Grande,,,,,unavailable,Physical good,,,,,,,,28.00,,N,,,,N,,,0,,Y,1,Y
O66VDXMUPVQGLHFRDL5XEIPQ,Grande Lip Plumper Gloss,Spicy Mauve,,,Grande,Grande,,,,,unavailable,Physical good,,,,,,,,28.00,,N,,,,N,,,0,,Y,1,Y
ZNJXGLGXLFLTRJS4WIU2YAJC,Grande Lip Plumper Metallic Liquid Lipstick,Rasberry Daiquiri,,,Grande,Grande,,,,,visible,Physical good,,,,Y,,,Y,25.00,,N,,,,N,,,1,,,,Y
5CG3H5XGIDMIEHPMHY7VE5ZP,Grande Lip Plumper Metallic Liquid Lipstick,Champagne Bubbly,,,Grande,Grande,,,,,visible,Physical good,,,,,,,,25.00,,N,,,,N,,,2,,,,Y
L63PQHKMUF7UT7CQZKXUG3ZZ,Grande Lip Plumper Metallic Liquid Lipstick,Amaretto Pout,,,Grande,Grande,,,,,visible,Physical good,,,,,,,,25.00,,N,,,,N,,,1,,,,Y
O54CY6IRJR6BRBE3BJPUL4XW,Grande Lip Plumping Lipstick,Au Naturel,,,Grande,Grande,,,,,visible,Physical good,,,,Y,N,N,Y,20.00,,N,,N,,N,,,6,,,,Y
TON3SGL7V2EZTOZL3HSPJK2B,Grande Lip Plumping Lipstick,Mauve Along,,,Grande,Grande,,,,,visible,Physical good,,,,,,,,20.00,,N,,,,N,,,4,,,,Y
TSCKIPLV6URTO64HQQ4Y7RJX,Grande Lip Pout,Berry Mojito,Berry Mojito,"Grande Cosmetic GrandePOUT Plumping Lip Mask is infused with Volulip and DuraQuench to lock in moisture and plump through hydration. Key ingredient complex, Volulip, plumps lips up with moisture, helping to reduce lip lines and wrinkles.",Grande,Grande,,,,,unavailable,Physical good,,,,Y,,N,N,25.00,,N,,N,,N,,,0,,,,Y
7BWDVVISXZH6GHVKNYCKR3Q6,Grande Lip Pout,Peach,Peach,,Grande,Grande,,,,,unavailable,Physical good,,,,,,,,25.00,,N,,,,N,,,3,,,,Y
R6AJ4WVBAJFHXNP7EBXB3D4L,Grande Mascara Primer,Regular,,,Grande,Grande,,,,,visible,Physical good,,,,Y,,,Y,25.00,,N,,,,N,,,4,,Y,1,Y
SN4KPKJJUYIV6ABUQTJXBACH,Grande Mini Brow Gift Set,Regular,,,Grande,Grande,,,,,unavailable,Physical good,,,,Y,,N,N,27.00,,N,,,,N,,,0,,,,Y
2EPAIQIJQ7IP43555CQYTGB7,Grande Mini Lash Fix it Starter Kit Gift Set,Regular,,,Grande,Grande,,,,,unavailable,Physical good,,,,Y,,N,N,39.00,,N,,,,N,,,7,,Y,3,Y
X3TBDSK2MMSTC5UFTEEXP3BG,Grande Mini Sample Size Brow Fill,Light,,,Grande,Grande,,,,,unavailable,Physical good,,,,Y,N,N,N,6.50,,N,,,,N,,,3,,Y,1,Y
TJ5MM4POIZCFBXZ7ZI7Q2AOW,Grande Mini Sample Size Brow Fill,Clear,,,Grande,Grande,,,,,unavailable,Physical good,,,,,,,,6.50,,N,,,,N,,,1,,Y,1,Y
GYOA5BJBICJXXOS6UDESBCD6,Grande Mini Sample Size Brow Fill,Medium,,,Grande,Grande,,,,,unavailable,Physical good,,,,,,,,6.50,,N,,,,N,,,1,,Y,1,Y
UUNW4L5YVLDEYFWX44XQDVW4,Grande Mini Sample Size Brow Fill,Dark,,,Grande,Grande,,,,,unavailable,Physical good,,,,,,,,6.50,,N,,,,N,,,1,,Y,1,Y
KSPYT4ILKZKRN4BXGAZM3AKR,Grande Vanish Makeup Remover,Regular,,,Grande,Grande,,,,,unavailable,Physical good,,,,Y,N,N,N,12.50,,N,,N,,N,,,4,,,,Y
7E4ZQYCSDLDS6YYPNP2K46EF,Grande Waterproof Mascara,Regular,,"Take a dip with this Italian made, waterproof conditioning mascara that provides locked-on volume & length through every laugh, splash and tear. Its buildable, creamy formula layers lashes to new lengths without flaking or smudging and features lash care ingredients, like Myristoyl Pentapeptide-17 and Vitamin E, to condition while you coat for healthier-looking lashes over time.",Grande,Grande,,,,,,Physical good,,,,Y,N,N,N,25.00,,N,,N,,N,,,9,,Y,3,Y
FBOJOXHJPYJRVVVQ4QF6UKYT,Green Tea Milk Wash FHF,Regular,,,Farm House Fresh,Farm House Fresh,,,,,unavailable,Physical good,,,,Y,N,N,N,30.50,,N,,,,N,,,2,,Y,1,Y
LJTPA2NOIOKLKZAF3M657F7I,Guac Star Hydrating Mask,Regular,,,Farm House Fresh,Farm House Fresh,,,,,visible,Physical good,,,,Y,N,N,Y,31.00,,N,,N,,N,,,3,,Y,1,Y
BVGBGYPGGD6ZDMFR2CGYN4DQ,Hair Did It Go Enzyme Treatment,Regular,,"Hair Did it Go? is a hair retarding enzyme serum, applied immediately after waxing to stop hair growth.",Relax & Wax,Relax & Wax,,,,,visible,Physical good,,,,Y,,,Y,21.00,,N,,,,N,,,,,,,Y
Y5GBZJW7JL2V7OI5GK2U4GJA,Hand and Cuticle Creams,Whoopie,,,Farm House Fresh,Farm House Fresh,,,,,visible,Physical good,,,,Y,,N,Y,17.00,,N,,N,,N,,,2,,,,Y
JMP3GZAKG4UC67QAFRLUAC35,Hand and Cuticle Creams,Fluffy Bunny,,,Farm House Fresh,Farm House Fresh,,,,,visible,Physical good,,,,,,,,17.00,,N,,,,N,,,,,,,Y
YII7PBO4HGT4H62RO4ZH2UJX,Hand and Cuticle Creams,Pink moon,,,Farm House Fresh,Farm House Fresh,,,,,visible,Physical good,,,,,,,,17.00,,N,,,,N,,,2,,,,Y
TIFR3726DLLCGQ4BHRGJH7KD,Hand and Cuticle Creams,Sweet tea,,,Farm House Fresh,Farm House Fresh,,,,,visible,Physical good,,,,,,,,17.00,,N,,,,N,,,5,,,,Y
PWEKWTQFK2TSDJQ7ZD7B65CC,Hand and Cuticle Creams,Hellow Yellow,,,Farm House Fresh,Farm House Fresh,,,,,visible,Physical good,,,,,,,,17.00,,N,,,,N,,,,,,,Y
52FQR6FNF4A45CZXJOTYVT2K,Hand and Cuticle Creams,Maypop,,,Farm House Fresh,Farm House Fresh,,,,,visible,Physical good,,,,,,,,17.00,,N,,,,N,,,9,,,,Y
VFHD3EUASG4VB6DL3KQI3UFX,Hand and Cuticle Creams,Moon Dip,,,Farm House Fresh,Farm House Fresh,,,,,visible,Physical good,,,,,,,,19.00,,N,,,,N,,,6,,,,Y
DMAGKJ7W46ZSUSDF3DQEZ2ZQ,Hand and Cuticle Creams,Mellow Moon Dip,,,Farm House Fresh,Farm House Fresh,,,,,visible,Physical good,,,,,,,,26.00,,N,,,,N,,,0,,,,Y
ZN2M2GBT4BNHNJH2ZKFAPNQC,Hand and Cuticle Creams,Sugar Moon Dip,,,Farm House Fresh,Farm House Fresh,,,,,visible,Physical good,,,,,,,,19.00,,N,,,,N,,,9,,,,Y
N75HCL2EDDSEIARR555LW4AD,Hand and Cuticle Creams,Blissed Moon Dip,,,Farm House Fresh,Farm House Fresh,,,,,visible,Physical good,,,,,,,,18.00,,N,,,,N,,,2,,Y,2,Y
C7ZUUTNPKC75UYXUHITCPIDX,Hand and Cuticle Creams,Harvest Green,,,Farm House Fresh,Farm House Fresh,,,,,visible,Physical good,,,,,,,,17.00,,N,,,,N,,,4,,Y,1,Y
ZOR3WD423A7M2PJKVMVGUI26,Hello Beautiful Toiletry Bag / Gift Bag,Regular,,,Bashful Beauty,Bashful Beauty,,,,,unavailable,Physical good,,,,Y,N,N,N,6.99,,N,,,,N,,,10,,,,Y
PYYIHWUQERAAACCBGGNS4A3B,Hello Yellow Shea Body Cream Pump,Regular,,,Farm House Fresh,Farm House Fresh,,,,,visible,Physical good,,,,Y,,N,Y,32.50,,N,,,,N,,,0,,,,Y
MFYWT4OV6G73FQZYPRP4PEM2,Highlight and Conceal Stick DARK,Dark,,,Billion Dollar Brows,Billion Dollar Brows,,,,,,Physical good,,,,Y,,N,N,18.00,,N,,,,N,,,1,,,,Y
7Y2A435R5CK4CFMUERKZUBW4,Hint of Tint Brow Gel,Regular,,,Billion Dollar Brows,Billion Dollar Brows,,,,,visible,Physical good,,,,Y,,,Y,16.00,,N,,,,N,,,,,,,Y
BFCI7G4GMBLQUEWZFS574AZI,Honey Chai Body Lotion,Regular,,,Farm House Fresh,Farm House Fresh,,,,,visible,Physical good,,,,Y,,N,Y,34.00,,N,,,,N,,,3,,,,Y
MK56BTTRCPRUYGTGPLECPBFW,Honey Heel Glaze,Regular,,,Farm House Fresh,Farm House Fresh,,,,,visible,Physical good,,,,Y,,N,Y,31.00,,N,,,,N,,,0,,Y,1,Y
CXXCHIAP4PC5TDAZTMOMES2X,Honey Lavender Polish,Regular,,,Farm House Fresh,Farm House Fresh,,,,,visible,Physical good,,,,Y,N,N,Y,36.50,,N,,N,,N,,,2,,Y,2,Y
IGDEUMAKSDU4O42DGMAPUITF,Honey Magnolia Body Oil,Regular,,,Farm House Fresh,Farm House Fresh,,,,,visible,Physical good,,,,Y,N,N,Y,31.00,,N,,N,,N,,,3,,Y,3,Y
77IRWQWUVCSCJIOYORYYU3GS,Hoodie - Life is Better in Rockwall,Small,,,Bashful Beauty,Bashful Beauty,,,,,,Physical good,,,,Y,N,N,N,60.00,,N,,,,N,,,0,,Y,1,Y
A5Q4AAG2HRJKPGUZS5JTOMTE,Hoodie - Life is Better in Rockwall,Medium,,,Bashful Beauty,Bashful Beauty,,,,,,Physical good,,,,,,,,60.00,,N,,,,N,,,8,,,,Y
2ZMUOBCOGEQKX7AXZ5SSTV5R,Hoodie - Life is Better in Rockwall,Large,,,Bashful Beauty,Bashful Beauty,,,,,,Physical good,,,,,,,,60.00,,N,,,,N,,,7,,,,Y
ZC3WOPXMSHHWHV2A4NZYBE65,Hoodie - Life is Better in Rockwall,Extra Large,,,Bashful Beauty,Bashful Beauty,,,,,,Physical good,,,,,,,,60.00,,N,,,,N,,,5,,,,Y
4OJJABEVHTTDYBO64MYKJLT7,Hoodie - Life is Better in Rockwall,Double XX-Large,,,Bashful Beauty,Bashful Beauty,,,,,,Physical good,,,,,,,,60.00,,N,,,,N,,,3,,,,Y
4PFZUOHATORXX5YIR3KILZ6Q,Hot Cocoa Bombs,Regular,,,Bashful Beauty,Bashful Beauty,,,,,,Physical good,,,,Y,,,,7.00,,N,,,,N,,,,,,,Y
TIPO2XE635GK6SX6SR5DCUJY,Hydralox,Regular,,,Circadia,Circadia,,,,,visible,Physical good,,,,Y,N,N,Y,35.50,,N,,,,N,,,4,,Y,4,Y
ONPHB7B6AFCE3REMOH7JEZRW,Image Tinted SPF 30,Regular,,,Image,Image,,,,,unavailable,Physical good,,,,Y,N,N,N,52.00,,N,,N,,N,,,5,,Y,3,Y
KFGPVKB54R2QF7A7ACX4OSPF,Intimate Brightening Home Care System Prana Spaceuticals,Regular,,,Skin Lightening,Skin Lightening,,,,,unavailable,Physical good,,,,Y,N,N,N,150.00,,N,,,,N,,,2,,Y,1,Y
5KKGJCJ3GPAMQUEWPXE6MVDW,Juniper Ale Body Oil,Regular,,,Farm House Fresh,Farm House Fresh,,,,,visible,Physical good,,,,Y,N,N,Y,31.00,,N,,N,,N,,,5,,Y,2,Y
PFEIELVD2F2SMEASMDX6W53J,Licorice & Bearberry Brightening Mist,Regular,,,Circadia,Circadia,,,,,visible,Physical good,,,,Y,N,N,Y,30.00,,N,,,,N,,,11,,Y,4,Y
GTM6QWTUEH224UWY27IIATHD,Light Day Sunscreen SPF 37,Regular,,,Circadia,Circadia,,,,,visible,Physical good,,,,Y,N,N,Y,50.00,,N,,N,,N,,,12,,Y,4,Y
UT6YQVKGINXTBKOHG4SBCSKU,Lime So Fine,Regular,,,Farm House Fresh,Farm House Fresh,,,,,unavailable,Physical good,,,,Y,N,N,N,38.00,,N,,N,,N,,,1,,,,Y
V6O7JCGFV44PPG6F3TD5TYZP,Lip Renewing Hydrator - Vanilla,Regular,,,Circadia,Circadia,,,,,unavailable,Physical good,,,,Y,N,N,N,16.50,,N,,,,N,,,2,,Y,2,Y
Y3NRMXSNPHK4BQRPO5XVOH3Z,Lip Renewing Hydrator - Watermelon,Regular,,,Circadia,Circadia,,,,,unavailable,Physical good,,,,Y,N,N,N,16.50,,N,,,,N,,,2,,Y,4,Y
3DJJZYR5L3HVHT4LRWIU4NCC,Lipid Mini 2oz,Regular,,,Circadia,Circadia,,,,,unavailable,Physical good,,,,Y,N,N,N,16.00,,N,,,,N,,,1,,Y,3,Y
6C7FX4SLULCGRCLKT222LZVN,Lipid Replacing Cleanser,Regular,,,Circadia,Circadia,,,,,visible,Physical good,,,,Y,,N,Y,41.00,,N,,,,N,,,4,,Y,4,Y
MOYFLMPFKXFWWBSHNH4HNNF5,Lustre Drench Glow Oil,Regular,,,Farm House Fresh,Farm House Fresh,,,,,visible,Physical good,,,,Y,N,N,Y,37.00,,N,,,,N,,,2,,Y,2,Y
443O6YAAXQBOEVIVRERL7VC2,Lustre Rose Serum FHF,Regular,,,Farm House Fresh,Farm House Fresh,,,,,unavailable,Physical good,,,,Y,,N,N,58.00,,N,,,,N,,,0,,,,Y
TBKDFKDCPISD46RCI5GK4P5V,Make It Melt Cleansing Balm,Regular,,,Farm House Fresh,Farm House Fresh,,,,,unavailable,Physical good,,,,Y,N,N,N,40.00,,N,,N,,N,,,0,,Y,2,Y
DAZ5IWQAJNRITVDIUATG7ZFO,Marshmallow Melt Balm,Regular,,,Farm House Fresh,Farm House Fresh,,,,,visible,Physical good,,,,Y,,,Y,14.50,,N,,,,N,,,1,,Y,2,Y
K2UCPVEDTY462MRGN3KLQJR4,Matcha Purity Green Mask,Regular,,,Farm House Fresh,Farm House Fresh,,,,,unavailable,Physical good,,,,Y,,,,37.00,,N,,,,N,,,1,,Y,1,Y
2VVR7P3PPY5XQSRY5FPCLGHR,Maypop Body Lotion,Regular,,,Farm House Fresh,Farm House Fresh,,,,,visible,Physical good,,,,Y,,N,Y,34.00,,N,,,,N,,,-1,,Y,2,Y
Y3TPJZE3ZLNZKBEMIJLBKMPY,MeriStem Serum,Regular,,,Circadia,Circadia,,,,,visible,Physical good,,,,Y,,N,Y,45.00,,N,,,,N,,,7,,Y,4,Y
G5NLYZN2MYU44HWSG7HELEB6,Micro-Exfoliating Honey Cleanser,Regular,,,Circadia,Circadia,,,,,visible,Physical good,,,,Y,N,N,Y,41.00,,N,,N,,N,,,3,,Y,4,Y
56WY5SZMQGCSSXVPZHOC2WJI,Midnight Kisses - Blueberry,Regular,,"Midnight Kisses Sleeping Lip Mask overnight lip mask is an elegant, non-sticky jelly that melts into parched lips to restore essential moisture all while you sleep!","My Dermatician, Dermastart Brands",My Dermatician,,,,,unavailable,Physical good,,,,Y,N,N,N,26.00,,N,,,,N,,,4,,,,Y
LY2VJL2EZQ6HCV63HN7FUCTU,Midnight Kisses - Coconut Colada,Regular,,"Midnight Kisses Sleeping Lip Mask overnight lip mask is an elegant, non-sticky jelly that melts into parched lips to restore essential moisture all while you sleep!","My Dermatician, Dermastart Brands",My Dermatician,,,,,unavailable,Physical good,,,,Y,N,N,N,26.00,,N,,,,N,,,0,,,,Y
CAMXXEYJV2UMWKXQD3HBD7MF,Midnight Kisses - Pinky Pie-Tastic,Regular,,"<p><strong>Midnight Kisses is our overnight lip mask that is an elegant, non-sticky jelly that melts into parched lips to restore essential moisture all while you sleep!</strong></p>",My Dermatician,My Dermatician,,,,,unavailable,Physical good,,,,Y,N,N,N,26.00,,N,,N,,N,,,6,,Y,3,Y
7WHJVWOZGK6QW44V6SNOKSDF,Midnight Kisses - Watermelon,Regular,,"Midnight Kisses Sleeping Lip Mask overnight lip mask is an elegant, non-sticky jelly that melts into parched lips to restore essential moisture all while you sleep!","My Dermatician, Dermastart Brands",My Dermatician,,,,,unavailable,Physical good,,,,Y,N,N,N,26.00,,N,,,,N,,,0,,,,Y
DW4CH6HVKCEQJNFJDHJ54DBM,Mini Me Candy Scrub,Sweet Satsuma,,,BonBlissity,BonBlissity,,,,,,Physical good,,,,Y,,,,9.50,,N,,,,N,,,1,,Y,4,Y
6RR26HG3PS5SLYZZGPIPQJFZ,Mini Me Candy Scrub,Lavender,,,BonBlissity,BonBlissity,,,,,,Physical good,,,,,,,,9.50,,N,,,,N,,,0,,Y,4,Y
IIUUOY6BQ7V3SZX4YK536EOZ,Mini Me Candy Scrub,Fresh Lemongrass,,,BonBlissity,BonBlissity,,,,,,Physical good,,,,,,,,9.50,,N,,,,N,,,0,,Y,2,Y
POLYH6P3BBHNI3FKQUP3IUU5,Mini Me Candy Scrub,Mango Sorbet,,,BonBlissity,BonBlissity,,,,,,Physical good,,,,,,,,9.50,,N,,,,N,,,0,,Y,2,Y
ZVPCJF6CFKEBD6WLSCYCZQFD,Mini Me Candy Scrub,Vanilla Brown Sugar,,,BonBlissity,BonBlissity,,,,,,Physical good,,,,,,,,9.50,,N,,,,N,,,0,,Y,2,Y
7FX24YXSH4L2DVWSMRQHQVLW,Mini Me Candy Scrub,Ocean Mist,,,BonBlissity,BonBlissity,,,,,,Physical good,,,,,,,,9.50,,N,,,,N,,,0,,Y,2,Y
XJPNITGN7GSWAQJ2TBBXWV6H,Mini Sample Size Body Oils FHF,Vanilla Bourbon,,,Farm House Fresh,Farm House Fresh,,,,,unavailable,Physical good,,,,Y,N,N,N,12.00,,N,,,,N,,,2,,,,Y
NLBSNH464U6AB6KQ6EYQOGC3,Mini Sample Size Body Oils FHF,Agave Nectar,,,Farm House Fresh,Farm House Fresh,,,,,unavailable,Physical good,,,,,,,,12.00,,N,,,,N,,,6,,,,Y
JYGXOPCSJVRVTMN62TLWRENQ,Mini Sample Size Body Oils FHF,Clementine,,,Farm House Fresh,Farm House Fresh,,,,,unavailable,Physical good,,,,,,,,12.00,,N,,,,N,,,1,,,,Y
6RQLZRSBSYKUPFZ5VYSLUINJ,Mini Sample Size Body Wash FHF,Regular,,,Farm House Fresh,Farm House Fresh,,,,,unavailable,Physical good,,,,Y,N,N,N,7.00,,N,,,,N,,,12,,,,Y
OAEVNDYNB7WT42DXVJGLDUXH,Moisture On-Demand,Regular,,,Circadia,Circadia,,,,,visible,Physical good,,,,Y,N,N,Y,35.00,,N,,,,N,,,6,,Y,4,Y
Z5UPAWGELYMF4V7MZDZXXP52,Moon Dip Body Mousse,Regular,,,Farm House Fresh,Farm House Fresh,,,,,visible,Physical good,,,,Y,,,Y,37.00,,N,,,,N,,,3,,Y,1,Y
JJ7UJQRKODDPIPYX4VV34ROW,Muscadine Moonshine Body Scrub,Regular,,,Farm House Fresh,Farm House Fresh,,,,,,Physical good,,,,Y,,,Y,36.00,,N,,,,N,,,1,,Y,2,Y
IGQ2SR7Z7HZT3BB2RTQNVIMS,Myo-Cyte Plus,Regular,,Serum,Circadia,Circadia,,,,,visible,Physical good,,,,Y,N,N,Y,160.00,,N,,,,N,,,0,,Y,4,Y
ZZMZR3TOTHDOOAH3MRS5FC3E,Neck Level Smooth Cream,Regular,,,Farm House Fresh,Farm House Fresh,,,,,unavailable,Physical good,,,,Y,,N,N,69.00,,N,,,,N,,,2,,,,Y
VYW6HLMTXYLJGFNV3M4II5FK,Nectar Wild Body Oil,Regular,,"This golden cascade of certified organic oils contains antioxidants that are 6,000x stronger than vitamin C, awakening the senses with soft natural citrus and refreshing eucalyptus notes. Skin is left velvety-soft, radiant, and beautifully renewed.",Farm House Fresh,Farm House Fresh,,,,,unavailable,Physical good,,,,Y,N,N,N,39.50,,N,,N,,N,,,2,,,,Y
VQXHOMEBTEAZZX7QHAOTD6HU,Nighttime Control,Regular,,,Circadia,Circadia,,,,,visible,Physical good,,,,Y,N,N,Y,50.00,,N,,,,N,,,10,,Y,4,Y
XQXNBGFVK4XWSG7IIURRKAUC,Nighttime Repair,Regular,,,Circadia,Circadia,,,,,unavailable,Physical good,,,,Y,,,Y,68.00,,N,,,,N,,,0,,Y,4,Y
EYCJHINHNW7FSSRUCWUMQV6T,Nighttime Repair Plus,Regular,,,Circadia,Circadia,,,,,visible,Physical good,,,,Y,N,N,Y,86.00,,N,,N,,N,,,17,,Y,4,Y
BSDI4UB7Q24SC2GKZ5SQ5BAA,No Scream Cream,Regular,,,Relax & Wax,Relax & Wax,,,,,,Physical good,,,,Y,N,N,N,21.50,,N,,,,N,,,1,,Y,4,Y
QG6WSIQNFE63MQE2SSOSRD47,Nuda Back Tanning Glove,Regular,,,Nuda,Nuda,,,,,unavailable,Physical good,,,,Y,N,N,N,23.00,,N,,N,,N,,,4,,Y,3,Y
MFXGW4RFQHVSALG73KBSOL23,Nuda Body Shimmer,Regular,,,Nuda,Nuda,,,,,,Physical good,,,,Y,,N,N,44.00,,N,,,,N,,,1,,Y,2,Y
OCFNAU35XYERAZEUNGG7NJAR,Nuda Bronzing Glow Drops,Regular,,,Nuda,Nuda,,,,,unavailable,Physical good,,,,Y,N,N,N,35.00,,N,,,,N,,,9,,Y,3,Y
UTVGABIO5MRH6DJ24TK3DFOE,Nuda Exfoliating/ Tan Removing Glove,Regular,,,Nuda,Nuda,,,,,,Physical good,,,,Y,N,N,N,16.00,,N,,,,N,,,1,,Y,1,Y
QAD5IW7SYHDJPANFJEOGHF3M,Nuda Face Tan Water DARK,Regular,,,Nuda,Nuda,,,,,,Physical good,,,,Y,,N,N,37.00,,N,,,,N,,,7,,Y,3,Y
GR7QQFNWUP7EBHV54SRXBW2G,Nuda GRWM Headbands,Caramel,,,Nuda,Nuda,,,,,unavailable,Physical good,,,,Y,N,N,N,10.00,,N,,,,N,,,3,,,,Y
7LYUMKMAF323RXNWF65S2ALG,Nuda GRWM Headbands,Chocolate,,,Nuda,Nuda,,,,,unavailable,Physical good,,,,,,,,10.00,,N,,,,N,,,4,,,,Y
D2QGWEQHIZWZ74HBHRI25TE3,Nuda Mini Sample Size Tan Water Sprays,Regular,,,Nuda,Nuda,,,,,unavailable,Physical good,,,,Y,N,N,N,5.00,,N,,,,N,,,-5,,Y,3,Y
RX2CRB7S7CFERAKHXL2CRF24,Nuda Self Tanner Dark,Regular,,,Nuda,Nuda,,,,,,Physical good,,,,Y,,N,N,50.00,,N,,N,,N,,,5,,Y,2,Y
U5ULODROK6N3SRYBD5YDEOUD,Nuda Self Tanner Medium,Regular,,,Nuda,Nuda,,,,,,Physical good,,,,Y,N,N,N,50.00,,N,,N,,N,,,0,,Y,2,Y
YXEQMEK2CLKJJXNT54ITIV4H,Nuda Self Tanner Ultra Dark,Regular,,,Nuda,Nuda,,,,,,Physical good,,,,Y,N,N,N,50.00,,N,,N,,N,,,3,,Y,2,Y
NUMTWMLZGUCSPLTTGASSVVRB,Nuda Self Tanning Blending Glove,Regular,,,Nuda,Nuda,,,,,,Physical good,,,,Y,N,N,N,16.00,,N,,,,N,,,2,,Y,4,Y
GRWRXYXFLFEOO4OQ4N77D675,Nuda Spray Tan Remover Solution,Regular,,,Nuda,Nuda,,,,,,Physical good,,,,Y,N,N,N,33.00,,N,,N,,N,,,5,,Y,1,Y
2HUWVYYXDHKN5OR465EGPOBB,One Fine Day Shea Sugar Flawless Face Cleansing Polish,Regular,,,Farm House Fresh,Farm House Fresh,,,,,visible,Physical good,,,,Y,N,N,Y,36.00,,N,,N,,N,,,1,,Y,2,Y
X5IAKQ7KURG2FIRZSWWOYNSS,Orange Mood Fruit Lip Therapy,Regular,,,Farm House Fresh,Farm House Fresh,,,,,,Physical good,,,,Y,,,,20.50,,N,,,,N,,,2,,Y,3,Y
O3YTEMP3XYL3MANKXK4VEXI3,Ormedic Lip (pink & clear),Sheer pink,,,Image,Image,,,,,visible,Physical good,,,,Y,,N,Y,28.50,,N,,N,,N,,,7,,Y,3,Y
IRNUWSWXIYS4I2YDL5ZA4HUB,Ormedic Lip (pink & clear),Regular clear,,,Image,Image,,,,,visible,Physical good,,,,,,,,28.50,,N,,,,N,,,0,,Y,3,Y
L4XQQPYWI4FXZDAFNOD4GZXS,Pedi Delight Instant Pedicure Sampler,Regular,,,Farm House Fresh,Farm House Fresh,,,,,visible,Physical good,,,,Y,,,Y,23.00,,N,,,,N,,,0,,Y,2,Y
5JY4LHHB55ZHLOCBZ46RS2T4,PhiTo-Pep 1.6,Regular,,,Circadia,Circadia,,,,,visible,Physical good,,,,Y,N,N,Y,62.00,,N,,,,N,,,8,,Y,4,Y
QEL5VZ6WK6ZW4CLHF76JUETN,Pillow Case (King),Regular,,,Circadia,Circadia,,,,,visible,Physical good,,,,Y,,,Y,55.00,,N,,,,N,,,1,,,,Y
RMMY6F5CLCE34LTAGGKMG7PZ,Pillow Case (standard),Regular,,,Circadia,Circadia,,,,,visible,Physical good,,,,Y,,,Y,50.00,,N,,,,N,,,2,,,,Y
6L7BH4MVPHHWYS4VO2TG54WI,Pink Moon Bar Soap,Regular,,,Farm House Fresh,Farm House Fresh,,,,,,Physical good,,,,Y,,,,12.50,,N,,,,N,,,5,,Y,2,Y
KGPVRNSH2RJS2V6OAFG2Y7BX,Pink Moon Perfume,Regular,,,Farm House Fresh,Farm House Fresh,,,,,visible,Physical good,,,,Y,,,Y,24.00,,N,,,,N,,,0,,Y,1,Y
Y4I3XB643BTYYEAJYFEB35IS,Plum Blossom Tea,Regular,,,Bashful Beauty,Bashful Beauty,,,,,visible,Physical good,,,,Y,,,Y,8.25,,N,,,,N,,,,,,,Y
J47YUFD3DZ2LQKWWQY4ZYLFP,Plum Chiffon Balm,Regular,,,Farm House Fresh,Farm House Fresh,,,,,visible,Physical good,,,,Y,,,Y,14.50,,N,,,,N,,,2,,Y,2,Y
ZDKYQHXWU4E2PQ6WIEMN3TML,Porefectly Calm Face Mask Kit,Regular,,,Farm House Fresh,Farm House Fresh,,,,,,Physical good,,,,Y,,N,N,38.00,,N,,,,N,,,0,,Y,1,Y
PQ7TJJWB4FKPA7ZTEDWQQRWU,Post CIT Kit,Regular,,"Vitamin veil
Myo-Cyte
Cyto-Comm
Post peel balm
SPF",Circadia,Circadia,,,,,visible,Physical good,,,,Y,N,N,Y,40.00,,N,,,,N,,,0,,,,Y
GNHOIFYKI75PPDHYAEWO7LUP,Post Peel Balm,Regular,,,Circadia,Circadia,,,,,visible,Physical good,,,,Y,N,N,Y,57.00,,N,,,,N,,,0,,Y,4,Y
LMRVBI73KCVPFUUWQ4HYMGHQ,Post Peel Kit,Regular,,,Circadia,Circadia,,,,,visible,Physical good,,,,Y,N,N,Y,33.00,,N,,N,,N,,,5,,Y,4,Y
YGMXIB32WNRNLRSTUZKUICLU,Pre peel kit,Regular,,,Circadia,Circadia,,,,,visible,Physical good,,,,Y,,N,Y,33.00,,N,,,,N,,,0,,Y,0,Y
4OPR4ZV3UBLUCRCLURIFOM5Y,Pumpkin Spice Tea,Regular,,,Bashful Beauty,Bashful Beauty,,,,,visible,Physical good,,,,Y,,,Y,8.25,,N,,,,N,,,,,,,Y
KSFRRE2QAYLQFLU4ZL7Z2XBL,Purely Degunked at Home Facial,Regular,,,Farm House Fresh,Farm House Fresh,,,,,visible,Physical good,,,,Y,,,Y,35.00,,N,,,,N,,,,,,,Y
C6PGPB33U4QTR6LD43AAK7C3,Quick Recovery Mask Set Sampler,Regular,,,Farm House Fresh,Farm House Fresh,,,,,visible,Physical good,,,,Y,,,Y,27.00,,N,,,,N,,,2,,Y,1,Y
JUGCL3LKZO4SIQKXBSA542JC,Quinsyberry Body Oil,Regular,,,Farm House Fresh,Farm House Fresh,,,,,visible,Physical good,,,,Y,N,N,Y,31.00,,N,,N,,N,,,3,,Y,2,Y
5CK5X65MAF3TPTMHDG7U6EYV,Rainbow Road Body Wash,Regular,,,Farm House Fresh,Farm House Fresh,,,,,visible,Physical good,,,,Y,,N,Y,25.00,,N,,N,,N,,,1,,Y,2,Y
YI3B7UVIOA47WMXGZERFIWTA,Rainbow Road Perfume,Regular,,,Farm House Fresh,Farm House Fresh,,,,,visible,Physical good,,,,Y,N,N,Y,24.00,,N,,N,,N,,,5,,Y,1,Y
R527XCWLEIFIQL37JFQOAMYP,Rainbow Road Shea Body Lotion,Regular,,"<p><strong>A jarful of illumination!</strong></p><p>This moisturizing shea butter whip is scented with a light, uplifting blend of coconut and Bartlett pear to instantly transport you to a sunny place and lift your mood.</p>",Farm House Fresh,Farm House Fresh,,,,,unavailable,Physical good,,,,Y,N,N,N,33.00,,N,,N,,N,,,1,,,,Y
RDAOBW7UMUZ4FS4Z5OWVJKUF,Rapid Mascserum,Regular,,,Rapid,Rapid,,,,,unavailable,Physical good,,,,Y,N,N,N,40.00,,N,,N,,N,,,0,,,,Y
4LBLBW3YMOUIOLSO4QOSY4H7,RapidBrow Enhancing Serum,Regular,,,Rapid,Rapid,,,,,unavailable,Physical good,,,,Y,N,N,N,50.00,,N,,N,,N,,,6,,,,Y
WIDYPQLJALK6HUZ3EOZIP3UD,RapidLash Enhancing Serum,Regular,,,Rapid,Rapid,,,,,unavailable,Physical good,,,,Y,N,N,N,51.00,,N,,N,,N,,,14,,,,Y
QVHWC77WE265JPWR6FXQCERE,RapidLash Eye Lash Curler,Regular,,your lashes will look super long and voluminous with this eyelash curler,Rapid,Rapid,,,,,unavailable,Physical good,,,,Y,N,N,N,9.99,,N,,,,N,,,1,,,,Y
TFKOZFV664QPH3JOLHH6FANB,RapidLash Growth and Conditioner 2pack,Regular,,,Rapid,Rapid,,,,,unavailable,Physical good,,,,Y,N,N,N,56.50,,N,,N,,N,,,4,,Y,3,Y
5FAZER4VO7PGLET7XMVC24ZU,Rasmopolitan Body Scrub,Regular,,,Farm House Fresh,Farm House Fresh,,,,,visible,Physical good,,,,Y,,,Y,36.00,,N,,,,N,,,0,,Y,2,Y
CAJVGWBBOW6TXJOYMEPLX5ZO,Red Hot Shandy Body Oil,Regular,,,Farm House Fresh,Farm House Fresh,,,,,visible,Physical good,,,,Y,N,N,Y,31.00,,N,,N,,N,,,0,,Y,2,Y
LRWOHS6G24Y6SUNNTYVKYRSU,Renewal Eye Cream,Regular,,"This hydrating anti-aging eye cream visibly reduces the signs of aging and fatigue with powerful peptides, antioxidants, and emollients to diminish the appearance of fine lines and wrinkles and improve appearance of discoloration and laxity for youthful and vibrant looking skin.",Circadia,Circadia,,,,,unavailable,Physical good,,,,Y,N,N,N,100.00,,N,,N,,N,,,6,,Y,2,Y
7GBRCED6KXGP5MBQK4O5EJEG,Revita-Cyte Complex,Regular,,,Circadia,Circadia,,,,,visible,Physical good,,,,Y,N,N,Y,112.00,,N,,,,N,,,9,,Y,4,Y
SNURQK63E4FVTRV27B6DV6EL,Rose Ease Relief Cream,Regular,,,Circadia,Circadia,,,,,visible,Physical good,,,,Y,N,N,Y,62.50,,N,,,,N,,,10,,Y,0,Y
NA5X3SHXGU66XKPEH2EQXSLF,Rose Moon Dip Iridescent Ageless Body Mousse,Regular,,"This limited-edition weightless whip is so billowy and gives skin a soft, iridescent finish. Advanced firming peptides and retinol (within retinyl palmitate) visibly firm the look of skin over time. Enhancing bare skin – neck lines, legs & sun-kissed chests – it smooths the look of dull, uneven textures with an irresistible, light vanilla-oat-milk scent.›",Farm House Fresh,Farm House Fresh,,,,,unavailable,Physical good,,,,Y,N,N,N,62.00,,N,,N,,N,,,3,,,,Y
YSX5X4O7P2C44VOOPNB3UBJI,Sanded Ground,Regular,,,Farm House Fresh,Farm House Fresh,,,,,visible,Physical good,,,,Y,N,N,Y,42.00,,N,,N,,N,,,6,,Y,3,Y
7BGOLMYTJBR7Z4XUSCBY7MGR,Scar Cream Travel Size,Regular,,,Biocorneum,Biocorneum,,,,,visible,Physical good,,,,Y,,,Y,10.00,,N,,,,N,,,,,,,Y
YHZEV4N3ZWPRA2SYXI6AMR4L,Serene Moon Dip,Regular,,,Farm House Fresh,Farm House Fresh,,,,,,Physical good,,,,Y,,N,N,37.00,,N,,,,N,,,,,,,Y
4MA54XKNLRBMJASEFNYIPEGZ,Serum 71,Regular,,"An all in one serum:

Visibly improves skin health
Inhibits tyrosinase activity
Visibly reduces fine lines & wrinkles
Brightens
Antioxidant
Soothes irritated skin
Reduces Bacteria",Circadia,Circadia,,,,,unavailable,Physical good,,,,Y,N,N,N,66.00,,N,,,,N,,,9,,Y,4,Y
A76PJGQUVH6DEBJQOD6MLNDB,Silc Skin Pads,Eye Pad Large Set,,,Silc Skin,Silc Skin,,,,,unavailable,Physical good,,,,Y,N,N,N,35.00,,N,,,,N,,,5,,Y,2,Y
MF7BTC65S6MACANRLJZE7MCB,Silc Skin Pads,Full Face Set of 7,,,Silc Skin,Silc Skin,,,,,unavailable,Physical good,,,,,,,,49.00,,N,,,,N,,,3,,Y,2,Y
IEC5AX4TXIMO7AJ3AYN4BMHE,Silc Skin Pads,Facial Brow Set,,,Silc Skin,Silc Skin,,,,,unavailable,Physical good,,,,,,,,34.00,,N,,,,N,,,4,,Y,2,Y
DM5UTWXM4R44VPASA5BVHOGQ,Silc Skin Pads,Facial Multi Area Set,,,Silc Skin,Silc Skin,,,,,unavailable,Physical good,,,,,,,,34.00,,N,,,,N,,,5,,Y,2,Y
4QIADIYCJHKRPKTUC7MFEKB4,Silc Skin Pads,Eye Pad Small Single set,,,Silc Skin,Silc Skin,,,,,unavailable,Physical good,,,,,,,,13.00,,N,,,,N,,,1,,Y,2,Y
7SM5CW5RTFGWBUFYLAUB4RQ2,Slow Your Roll Deodorant POMEGRANATE,Regular,,,Alleyoop,Alleyoop,,,,,unavailable,Physical good,,,,Y,,,,12.00,,N,,,,N,,,1,,Y,3,Y
CBEVO2TEUQQQFVTQMPSZRGX7,Slow Your Roll Deodorant SAGE,Regular,,,Alleyoop,Alleyoop,,,,,,Physical good,,,,Y,,,,12.00,,N,,,,N,,,0,,Y,2,Y
C4HHZF46FQTWX63E7E7R4YYX,Spiced Apple Cider Hand Wash,Regular,,,Farm House Fresh,Farm House Fresh,,,,,unavailable,Physical good,,,,Y,N,N,N,25.00,,N,,,,N,,,3,,,,Y
SGU5CPHN2VPNNWJ4F35HN3MZ,Splendid Dirt,Regular,,,Farm House Fresh,Farm House Fresh,,,,,unavailable,Physical good,,,,Y,N,N,N,34.00,,N,,N,,N,,,3,,Y,1,Y
BMLXIDXAMT357QSY5XQDOQLR,Spot Stop,Regular,,,Circadia,Circadia,,,,,visible,Physical good,,,,Y,N,N,Y,34.00,,N,,,,N,,,12,,Y,4,Y
YUTWXIUQXETCM4H5D6QPX5HF,Strawberry Mood Fruit Lip Therapy,Regular,,,Farm House Fresh,Farm House Fresh,,,,,,Physical good,,,,Y,,,,20.50,,N,,,,N,,,0,,Y,3,Y
4IUVJONQ6CTGS5N5T552MPP3,Strawberry Wine 2 Step Lip Kit,Regular,,,Farm House Fresh,Farm House Fresh,,,,,unavailable,Physical good,,,,Y,,N,N,36.00,,N,,,,N,,,0,,,,Y
MTELOMYJXYECRFWOZCRDNMF6,Sunflower Honey Butter,Regular,,Intensive Repair & Hydration,Farm House Fresh,Farm House Fresh,,,,,visible,Physical good,,,,Y,,N,Y,35.00,,N,,,,N,,,2,,Y,3,Y
NQYDHRJ6C3PFJDG2MYXEDOSF,Sunshine Silk Body Wash,Regular,,,Farm House Fresh,Farm House Fresh,,,,,unavailable,Physical good,,,,Y,,N,N,25.00,,N,,,,N,,,-2,,Y,1,Y
BX6TP7C6YS5RDNZZD4L2OTCS,Sunshine Silk Shea Butter,Regular,,,Farm House Fresh,Farm House Fresh,,,,,,Physical good,,,,Y,,N,N,32.00,,N,,,,N,,,2,,Y,1,Y
NZGEFBF5VUSKD73NFEK7YYC2,Sunshine Silk Shimmer Air Oil,Regular,,,Farm House Fresh,Farm House Fresh,,,,,unavailable,Physical good,,,,Y,N,N,N,37.00,,N,,N,,N,,,6,,Y,1,Y
ZHEAO2NAYM3SSWC2UBYO4XO6,Sweeping Softness Sampler,Regular,,,Farm House Fresh,Farm House Fresh,,,,,,Physical good,,,,Y,,,,25.00,,N,,,,N,,,1,,Y,1,Y
YVUNUUQZHMVXS63EIWRJHUYP,Sweet Cream Body Lotion -Bottle,Regular,,,Farm House Fresh,Farm House Fresh,,,,,,Physical good,,,,Y,,,,32.00,,N,,,,N,,,0,,Y,2,Y
WFRYC75E7KZPCMZCVO25HDCI,Sweet Cream Body Lotion- Decorative Cruet,Regular,,,Farm House Fresh,Farm House Fresh,,,,,,Physical good,,,,Y,,,,32.00,,N,,,,N,,,0,,Y,1,Y
SMIB5A4FZDQF7KIDLEUTYWHE,Sweet Cream Polish,Regular,,,Farm House Fresh,Farm House Fresh,,,,,visible,Physical good,,,,Y,,N,Y,27.00,,N,,,,N,,,0,,Y,1,Y
SVJ5AGGFYQS6X7AN6UY5DU2M,Sweet Tea Bar Soap,Regular,,,Farm House Fresh,Farm House Fresh,,,,,visible,Physical good,,,,Y,,N,Y,12.50,,N,,,,N,,,3,,Y,2,Y
MFR5VMILSMCJTJP7LTKDG5YK,Sweet Tea Body Cream,Regular,,,Farm House Fresh,Farm House Fresh,,,,,visible,Physical good,,,,Y,,,Y,32.00,,N,,,,N,,,1,,Y,1,Y
5XIY5XJGVFUMPXYNMXL7AJ7A,Sweet Tea Body Polish,Regular,,,Farm House Fresh,Farm House Fresh,,,,,unavailable,Physical good,,,,Y,N,N,N,37.00,,N,,,,N,,,2,,Y,1,Y
LPATHDSVFU2KEFHS3AN4INE3,Tidal Moisture for Body,Regular,,,Circadia,Circadia,,,,,visible,Physical good,,,,Y,,,Y,40.00,,N,,,,N,,,1,,,,Y
VGCMFMR4ELZHPIRJ2ZVRYHOB,Timescape Micromazing Facial Polish,Regular,,"Millions of tiny micromazing® natural plant-based fiber particles exfoliate-away the years instantly – making you look and feel super smooth, baby-soft and glowy in just 1 use. Exfoliate, rinse & radiate!",Farm House Fresh,Farm House Fresh,,,,,unavailable,Physical good,,,,Y,N,N,N,39.00,,N,,N,,N,,,2,,,,Y
B6VS5TENJUD5HCEB4SDKMJ2F,Tranquili-Cream,Regular,,,Circadia,Circadia,,,,,visible,Physical good,,,,Y,,,Y,56.00,,N,,,,N,,,8,,Y,4,Y
CXLPK4ICDMWVCMMJH6FPKVPG,Travel Size Products,Travel: Lipid Replacing Cleansing Gel,,,Travel Sizes,Travel Sizes,,,,,visible,Physical good,,,,Y,N,N,Y,6.00,,N,,N,,N,,,0,,,,Y
VVGBQOEBAGRPNCUSIW2BTMSP,Travel Size Products,Travel: Tidal moisture for body,,,Travel Sizes,Travel Sizes,,,,,visible,Physical good,,,,,,,,6.00,,N,,,,N,,,,,,,Y
5CIUOYJ2T42JVY4VHN4LZ7GM,Travel Size Products,Travel: Vitamin Veil Cleanser,,,Travel Sizes,Travel Sizes,,,,,visible,Physical good,,,,,,,,3.00,,N,,,,N,,,3,,,,Y
YELPMEXXJDRVAPFNJNUF52EQ,Travel Size Products,Travel: White Veil brightener,,,Travel Sizes,Travel Sizes,,,,,visible,Physical good,,,,,,,,3.00,,N,,,,N,,,5,,,,Y
XOO7FQERJ5WNMX3TG2AZEU7Z,Travel Size Products,Travel: Post Peel balm,,,Travel Sizes,Travel Sizes,,,,,visible,Physical good,,,,,,,,6.00,,N,,,,N,,,0,,,,Y
XQXU5NEAMGJC67SVBJKUNKYF,Travel Size Products,Travel: Aquaporin Hydrating cream,,,Travel Sizes,Travel Sizes,,,,,visible,Physical good,,,,,,,,6.00,,N,,,,N,,,0,,,,Y
KM6ZE5UYCIBETCQQYP3VPUFJ,Travel Size Products,Travel: Glyco-Guard,,,Travel Sizes,Travel Sizes,,,,,visible,Physical good,,,,,,,,6.00,,N,,,,N,,,5,,,,Y
GA7V4P7YI44F6TENIYZ4P4AJ,Travel Size Products,Travel: Nighttime Repair,,,Travel Sizes,Travel Sizes,,,,,visible,Physical good,,,,,,,,6.00,,N,,,,N,,,0,,,,Y
3IVKIWO3W6ZPRJOI5ZGYTIVJ,Travel Size Products,Travel: Amandola Cleanser,,,Travel Sizes,Travel Sizes,,,,,visible,Physical good,,,,,,,,3.00,,N,,,,N,,,0,,,,Y
SIQBOYBHQC6ZOC47IMLRAKDA,Travel Size Products,Travel: SPF 37,,,Travel Sizes,Travel Sizes,,,,,visible,Physical good,,,,,,,,6.00,,N,,,,N,,,0,,,,Y
TPQDIFFYYDSZLMMMBIEXMTXX,Travel Size Products,Travel: Daytime Control,,,Travel Sizes,Travel Sizes,,,,,visible,Physical good,,,,,,,,6.00,,N,,,,N,,,5,,,,Y
Y3OS6ROSVBXKBKIART67VSRJ,Travel Size Products,Travel: Tranquili Cream,,,Travel Sizes,Travel Sizes,,,,,visible,Physical good,,,,,,,,6.00,,N,,,,N,,,5,,,,Y
7MSEB3TQ2OFL2LO6XSZSO7TG,Travel Size Products,Travel: Micro-Exfoliating Honey cleanser,,,Travel Sizes,Travel Sizes,,,,,visible,Physical good,,,,,,,,6.00,,N,,,,N,,,2,,,,Y
2MF4ZTPCEN7APFMV3RA3CWTD,Travel Size Products,Travel: Blue Bamboo Body exfoliator,,,Travel Sizes,Travel Sizes,,,,,visible,Physical good,,,,,,,,6.00,,N,,,,N,,,0,,,,Y
S6ARUTPPY2CNAWEN77MNUS7P,Travel Size Products,Travel: Meristem serum,,,Travel Sizes,Travel Sizes,,,,,visible,Physical good,,,,,,,,6.00,,N,,,,N,,,6,,,,Y
YGNBAJP5SKO5MYUXH5ITK7SS,Travel Size Products,Travel: Myo-Cyte Plus Anti wrinkle,,,Travel Sizes,Travel Sizes,,,,,visible,Physical good,,,,,,,,16.00,,N,,,,N,,,4,,,,Y
SKSXSP4FLSDCBCXVY4OXC652,Travel Size Products,Travel: Vitamin C Serum,,,Travel Sizes,Travel Sizes,,,,,visible,Physical good,,,,,,,,6.00,,N,,,,N,,,5,,,,Y
GXR3PLXHJVBXBJAQ7NK5QZNT,Travel Size Products,Travel: Cyto-Comm,,,Travel Sizes,Travel Sizes,,,,,visible,Physical good,,,,,,,,6.00,,N,,,,N,,,6,,,,Y
FLCCJAFJTCIKZO3MH2NFPMLA,Travel Size Products,Travel: Chrono-Calm,,,Travel Sizes,Travel Sizes,,,,,visible,Physical good,,,,,,,,6.00,,N,,,,N,,,4,,,,Y
OJMZIT4F7J3LO2MHTZFZUPDL,Travel Size Products,Travel: Bright White Serum,,,Travel Sizes,Travel Sizes,,,,,visible,Physical good,,,,,,,,6.00,,N,,,,N,,,4,,,,Y
EY2RKF6XQ6PVJQLRJTTXZK7T,Travel Size Products,Travel: Revita-cyte complex,,,Travel Sizes,Travel Sizes,,,,,visible,Physical good,,,,,,,,10.00,,N,,,,N,,,5,,,,Y
CG67QLV4JF3AIY2RUDSFBF5W,Travel Size Products,Travel: Phito-pep,,,Travel Sizes,Travel Sizes,,,,,visible,Physical good,,,,,,,,6.00,,N,,,,N,,,4,,,,Y
25FUGDRKIO3T6FBYQCHWZJ4A,Treasure Chest,Regular,,,"Prana Spaceuticals, Dermastart Brands",Prana Spaceuticals,,,,,unavailable,Physical good,,,,Y,N,N,N,35.00,,N,,,,N,,,6,,,,Y
AUSA262ZFWO2XSK2ZEB3ZN2E,Triple Shot Caramel Coffee Body Polish,Regular,,,Farm House Fresh,Farm House Fresh,,,,,visible,Physical good,,,,Y,,,Y,37.00,,N,,,,N,,,0,,Y,2,Y
AYOLHF3YV74T7CSB5OFQYAGQ,Trucker Hat - Bashful Beauty Co. Merch,Regular,,,Bashful Beauty,Bashful Beauty,,,,,unavailable,Physical good,,,,Y,N,N,N,29.00,,N,,N,,N,,,10,,Y,3,Y
MIGQEBV7KVLQHOKE4IKKV7WS,Uberlube 100ml,Regular,,"Long-lasting performance that lets skin feel skin
Simple, body- and condom-friendly ingredients
Dissipates when no longer needed—no sticky residue
Recommended by leading doctors
Scent- and color-free",Uberlube,Uberlube,,,,,,Physical good,,,,Y,,N,N,35.00,,N,,N,,N,,,9,,Y,4,Y
MWV7EREJXR3AMAYSDD2LOQLL,Uberlube Good TO GO Case,Silver,,,Uberlube,Uberlube,,,,,,Physical good,,,,Y,,N,N,16.50,,N,,N,,N,,,-1,,Y,2,Y
VTQCPR5WRDLRZRFMOJRHPQ2V,Uberlube Good TO GO Case,Gold,,,Uberlube,Uberlube,,,,,,Physical good,,,,,,,,16.50,,N,,,,N,,,0,,Y,2,Y
4BSKVDME4IAL5PBOKTAKWRDD,Uberlube Good TO GO Case,Red,,,Uberlube,Uberlube,,,,,,Physical good,,,,,,,,16.50,,N,,,,N,,,0,,Y,2,Y
ZFUJA722DHJONEYB6AZ3EJ2A,Uberlube Good TO GO Case,Turquoise,,,Uberlube,Uberlube,,,,,,Physical good,,,,,,,,16.50,,N,,,,N,,,2,,,,Y
XYAAJBXZLEEEHEOFI7LC33PC,Uberlube Good TO GO Case,Pink,,,Uberlube,Uberlube,,,,,,Physical good,,,,,,,,16.50,,N,,,,N,,,2,,,,Y
ADEJQAQDMC77NEHBN4SYTKYV,Uberlube Good TO GO Case,White,,,Uberlube,Uberlube,,,,,,Physical good,,,,,,,,16.50,,N,,,,N,,,6,,,,Y
POYVAB2EUFGHCG57LS3YKSBN,Uberlube Refill,Regular,,,Uberlube,Uberlube,,,,,,Physical good,,,,Y,,N,N,16.50,,N,,N,,N,,,6,,Y,2,Y
COJDAVMBR67QV2GRGF6TLELX,VRS Vaginal Rejuvenation Solution,Regular,,The AnteAGE® Vaginal Rejuvenation Solution is a regenerative vaginal moisturizer.,AnteAge,AnteAge,,,,,unavailable,Physical good,,,,Y,N,N,N,150.00,,N,,,,N,,,3,,,,Y
CKAQZKG227LHWLUC2JUEVEUB,Vanilla Bourbon Body Oil,Regular,,,Farm House Fresh,Farm House Fresh,,,,,visible,Physical good,,,,Y,N,N,Y,31.00,,N,,N,,N,,,4,,Y,2,Y
A4UC3W3R3BDVCB4XF7OYMVIP,Vanilla Cream Body Wash (Seasonal),Regular,,,Farm House Fresh,Farm House Fresh,,,,,visible,Physical good,,,,Y,,N,Y,27.00,,N,,,,N,,,,,,,Y
74QB7XG7BBJV3HZA4U2RFVRN,Vitamin A Boosting Cream,Regular,,,Circadia,Circadia,,,,,visible,Physical good,,,,Y,N,N,Y,79.00,,N,,,,N,,,11,,Y,4,Y
BYWT4WF5ZE4IGF5POSG6YTGP,Vitamin A Gel,Regular,,,Circadia,Circadia,,,,,visible,Physical good,,,,Y,N,N,Y,68.00,,N,,,,N,,,4,,Y,4,Y
7V5U5ELXIXHLRDJJYCLACQJD,Vitamin Berry Facial Tonic,Regular,,,Farm House Fresh,Farm House Fresh,,,,,visible,Physical good,,,,Y,,N,Y,39.00,,N,,,,N,,,,,,,Y
KZBQ7BBET7Q6M2Z2FVWPU4RY,Vitamin C Reversal Serum,Regular,,,Circadia,Circadia,,,,,visible,Physical good,,,,Y,N,N,Y,66.00,,N,,N,,N,,,3,,Y,4,Y
GGWYMZJJRIE54MPYKM2GDV5M,Vitamin Glaze Lipgloss VIOLET ORCHID,Regular,,,Farm House Fresh,Farm House Fresh,,,,,unavailable,Physical good,,,,Y,N,N,N,variable,,N,,,,N,,,3,,Y,2,Y
HHN5P4LAJ56PI6PH2GB4ZTOK,Vitamin Glaze Oil Lip Gloss FHF Color BRICK,Regular,,,Farm House Fresh,Farm House Fresh,,,,,,Physical good,,,,Y,,,,24.00,,N,,,,N,,,0,,,,Y
5ZM37F5ZTQAGT2C3LMPHIGI2,Vitamin Veil Cleanser,Regular,,,Circadia,Circadia,,,,,visible,Physical good,,,,Y,N,N,Y,41.00,,N,,,,N,,,7,,Y,4,Y
PPC3TF7JELBPZRF5QOVRSV33,Voltage Lip Plumper,Regular,,,Voltage,Voltage,,,,,,Physical good,,,,Y,,,,35.00,,N,,,,N,,,1,,Y,3,Y
KHTG24ULO76QHFT3OS3EWU4J,Wandering Pines Candle,Regular,,,Farm House Fresh,Farm House Fresh,,,,,visible,Physical good,,,,Y,,,Y,36.00,,N,,,,N,,,,,,,Y
YO7HLMNXCESMZGWLYV3O4QGG,Wandering Pines Hand Wash,Regular,,,Farm House Fresh,Farm House Fresh,,,,,unavailable,Physical good,,,,Y,N,N,N,25.00,,N,,,,N,,,0,,,,Y
ITKQKAVB2SUD7CYBUJ4D5UQK,Watermelon Basil Vodkatini Polish,Regular,,,Farm House Fresh,Farm House Fresh,,,,,visible,Physical good,,,,Y,,,Y,36.00,,N,,N,,N,,,4,,Y,2,Y
ANRXZCRQ34V4T5IBVIWU4SA5,White Veil Brightener,Regular,,,Circadia,Circadia,,,,,visible,Physical good,,,,Y,,N,Y,74.00,,N,,,,N,,,14,,Y,4,Y
FE3LMK4IWUWZKWUPJAMV6XYE,White Willow & Juniper Clearing Mist,Regular,,,Circadia,Circadia,,,,,visible,Physical good,,,,Y,N,N,Y,30.00,,N,,,,N,,,1,,Y,4,Y
NH6CKPRXLW2IIIGC52NUEZQC,Whole Milk Soap,Regular,,,Farm House Fresh,Farm House Fresh,,,,,visible,Physical good,,,,Y,,N,Y,13.00,,N,,,,N,,,,,,,Y
7PZ2MIFSOPYMVI7MRQHI7HHT,Whoopie Body Wash,Regular,,,Farm House Fresh,Farm House Fresh,,,,,visible,Physical good,,,,Y,,N,Y,19.50,,N,,,,N,,,,,,,Y
25PLRL6RKVPGOBAYJKQ4O62S,Whoopie Candle FHF,Regular,,,Farm House Fresh,Farm House Fresh,,,,,visible,Physical good,,,,Y,,,Y,36.00,,N,,,,N,,,1,,,,Y
37TUVKXWLR77PQAMC2RH7KTX,Whoopie Cream Body Shea Butter,Regular,,,Farm House Fresh,Farm House Fresh,,,,,visible,Physical good,,,,Y,,,Y,32.00,,N,,,,N,,,-1,,Y,2,Y
EE2DXE3ARWZ77UWAGLWJUSAO,Whoopie Cream Hydrating Lip Balm,Regular,,,Farm House Fresh,Farm House Fresh,,,,,visible,Physical good,,,,Y,,,Y,15.50,,N,,,,N,,,2,,Y,3,Y
WEM7JW6ZB2FW3JHJPSCAF5KF,Whoopie Lip Gift Set,Regular,,,Farm House Fresh,Farm House Fresh,,,,,,Physical good,,,,Y,,,,31.00,,N,,,,N,,,0,,,,Y
XSXH2UVVZXLYAZT4JNHQVRDD,Whoopie Lip Polish,Regular,,,Farm House Fresh,Farm House Fresh,,,,,visible,Physical good,,,,Y,,N,Y,15.50,,N,,,,N,,,1,,Y,3,Y
HVTZZM73WAF5NGJ74BWJCPGY,Whoopie Perfume,Regular,,,Farm House Fresh,Farm House Fresh,,,,,visible,Physical good,,,,Y,,,Y,24.00,,N,,,,N,,,0,,Y,1,Y
WT5E25FVWT3JHYVTRQEGXVQN,Will Dew Face Mask,Regular,,,Farm House Fresh,Farm House Fresh,,,,,unavailable,Physical good,,,,Y,,N,N,37.00,,N,,,,N,,,0,,,,Y
